Player,Team,Player & Team,Pos,Age,G,GS,MP,FG,FGA,FG%,3P,3PA,3P%,2P,2PA,2P%,eFG%,FT,FTA,FT%,ORB,DRB,TRB,AST,STL,BLK,TOV,PF,PTS
Alex Abrines,OKC,Alex Abrines OKC,SG,24,75,8,15.1,1.5,3.9,0.395,1.1,2.9,0.38,0.4,0.9,0.443,0.54,0.5,0.6,0.848,0.3,1.2,1.5,0.4,0.5,0.1,0.3,1.7,4.7
Quincy Acy,BRK,Quincy Acy BRK,PF,27,70,8,19.4,1.9,5.2,0.356,1.5,4.2,0.349,0.4,1,0.384,0.496,0.7,0.9,0.817,0.6,3.1,3.7,0.8,0.5,0.4,0.9,2.1,5.9
Steven Adams,OKC,Steven Adams OKC,C,24,76,76,32.7,5.9,9.4,0.629,0,0,0,5.9,9.3,0.631,0.629,2.1,3.8,0.559,5.1,4,9,1.2,1.2,1,1.7,2.8,13.9
Bam Adebayo,MIA,Bam Adebayo MIA,C,20,69,19,19.8,2.5,4.9,0.512,0,0.1,0,2.5,4.8,0.523,0.512,1.9,2.6,0.721,1.7,3.8,5.5,1.5,0.5,0.6,1,2,6.9
Arron Afflalo,ORL,Arron Afflalo ORL,SG,32,53,3,12.9,1.2,3.1,0.401,0.5,1.3,0.386,0.7,1.7,0.413,0.485,0.4,0.5,0.846,0.1,1.2,1.2,0.6,0.1,0.2,0.4,1.1,3.4
Cole Aldrich,MIN,Cole Aldrich MIN,C,29,21,0,2.3,0.2,0.7,0.333,0,0,,0.2,0.7,0.333,0.333,0.1,0.3,0.333,0.1,0.6,0.7,0.1,0.1,0,0,0.5,0.6
LaMarcus Aldridge,SAS,LaMarcus Aldridge SAS,C,32,75,75,33.5,9.2,18,0.51,0.4,1.2,0.293,8.8,16.7,0.526,0.52,4.5,5.3,0.837,3.3,5.2,8.5,2,0.6,1.2,1.5,2.1,23.1
Jarrett Allen,BRK,Jarrett Allen BRK,C,19,72,31,20,3.3,5.5,0.589,0.1,0.2,0.333,3.2,5.3,0.599,0.596,1.6,2,0.776,2,3.4,5.4,0.7,0.4,1.2,1.1,2,8.2
Chris Boucher,GSW,Chris Boucher GSW,PF,25,1,0,1,0,1,0,0,1,0,0,0,,0,0,0,,0,1,1,0,0,0,0,0,0
Anthony Brown,MIN,Anthony Brown MIN,SF,25,1,0,4,1,1,1,1,1,1,0,0,,1.5,0,0,,0,0,0,1,0,0,0,0,3
Al-Farouq Aminu,POR,Al-Farouq Aminu POR,PF,27,69,67,30,3.3,8.4,0.395,1.8,4.9,0.369,1.5,3.5,0.432,0.503,0.9,1.2,0.738,1.4,6.2,7.6,1.2,1.1,0.6,1.1,2,9.3
Justin Anderson,PHI,Justin Anderson PHI,SF,24,38,0,13.7,2.3,5.3,0.431,0.9,2.7,0.33,1.4,2.6,0.535,0.515,0.7,1,0.737,0.7,1.8,2.4,0.7,0.4,0.2,0.4,1.4,6.2
Kyle Anderson,SAS,Kyle Anderson SAS,SF,24,74,67,26.7,3.1,5.9,0.527,0.3,0.8,0.333,2.9,5.1,0.556,0.549,1.4,2,0.712,1.1,4.2,5.4,2.7,1.6,0.8,1.3,1.5,7.9
Ryan Anderson,HOU,Ryan Anderson HOU,PF,29,66,50,26.1,3.1,7.3,0.431,2,5.1,0.386,1.2,2.1,0.539,0.568,1.1,1.4,0.774,1.4,3.6,5,0.9,0.4,0.3,0.6,1.9,9.3
Ike Anigbogu,IND,Ike Anigbogu IND,C,19,11,0,2.7,0.4,0.8,0.444,0,0,,0.4,0.8,0.444,0.444,0.5,0.5,0.833,0.5,0.4,0.8,0,0.1,0.3,0.2,0.1,1.2
Giannis Antetokounmpo,MIL,Giannis Antetokounmpo MIL,PF,23,75,75,36.7,9.9,18.7,0.529,0.6,1.9,0.307,9.3,16.8,0.554,0.545,6.5,8.5,0.76,2.1,8,10,4.8,1.5,1.4,3,3.1,26.9
Carmelo Anthony,OKC,Carmelo Anthony OKC,PF,33,78,78,32.1,6.1,15,0.404,2.2,6.1,0.357,3.9,8.9,0.437,0.476,1.9,2.5,0.767,0.9,4.9,5.8,1.3,0.6,0.6,1.3,2.5,16.2
OG Anunoby,TOR,OG Anunoby TOR,SF,20,74,62,20,2.2,4.7,0.471,1,2.7,0.371,1.2,2,0.604,0.577,0.5,0.8,0.629,0.6,1.9,2.5,0.7,0.7,0.2,0.6,1.8,5.9
Aaron Jackson,HOU,Aaron Jackson HOU,PG,31,1,0,35,3,9,0.333,1,4,0.25,2,5,0.4,0.389,1,2,0.5,2,1,3,1,0,0,1,4,8
Trevor Ariza,HOU,Trevor Ariza HOU,SF,32,67,67,33.9,4,9.7,0.412,2.5,6.9,0.368,1.5,2.8,0.519,0.542,1.1,1.3,0.854,0.5,3.9,4.4,1.6,1.5,0.2,0.8,2,11.7
Darrell Arthur,DEN,Darrell Arthur DEN,PF,29,19,1,7.4,1.2,2.5,0.468,0.4,1.2,0.348,0.7,1.3,0.583,0.553,0.1,0.2,0.667,0.2,0.6,0.8,0.5,0.4,0.2,0.8,1.2,2.8
Kendrick Perkins,CLE,Kendrick Perkins CLE,C,33,1,0,15,1,2,0.5,0,0,,1,2,0.5,0.5,1,2,0.5,0,1,1,2,1,0,1,1,3
Omer Asik,TOT,Omer Asik TOT,C,31,18,0,10.1,0.5,1.2,0.409,0,0,,0.5,1.2,0.409,0.409,0.2,0.7,0.308,0.5,2.1,2.6,0.2,0.1,0.2,0.5,1.1,1.2
Devin Robinson,WAS,Devin Robinson WAS,SF,22,1,0,13,1,3,0.333,0,0,,1,3,0.333,0.333,0,0,,2,3,5,0,1,0,0,2,2
Omer Asik,CHI,Omer Asik CHI,C,31,4,0,15.3,0.5,1.5,0.333,0,0,,0.5,1.5,0.333,0.333,0,0.3,0,0.5,2,2.5,0.3,0.3,0.5,1,1.5,1
D.J. Augustin,ORL,D.J. Augustin ORL,PG,30,75,36,23.5,3.3,7.2,0.452,1.5,3.6,0.419,1.7,3.6,0.485,0.557,2.2,2.5,0.868,0.4,1.7,2.1,3.8,0.7,0,1.6,1.3,10.2
Luke Babbitt,TOT,Luke Babbitt TOT,SF,28,50,14,14.3,1.8,4.3,0.423,1.2,3.1,0.385,0.6,1.2,0.525,0.563,0.3,0.4,0.773,0.1,1.8,1.9,0.6,0.2,0.1,0.4,1.1,5.2
Edmond Sumner,IND,Edmond Sumner IND,PG,22,1,0,2,1,1,1,0,0,,1,1,1,1,0,0,,0,1,1,0,0,0,0,1,2
Luke Babbitt,MIA,Luke Babbitt MIA,SF,28,13,5,11.2,0.8,3.6,0.234,0.8,3.5,0.244,0,0.2,0,0.351,0,0,,0.2,1,1.2,0.4,0.1,0.2,0.3,0.5,2.5
Dwayne Bacon,CHO,Dwayne Bacon CHO,SG,22,53,6,13.5,1.4,3.6,0.375,0.2,0.8,0.256,1.2,2.8,0.409,0.404,0.4,0.5,0.8,0.1,2.3,2.3,0.7,0.3,0,0.4,0.9,3.3
Ron Baker,NYK,Ron Baker NYK,SG,24,29,1,13.3,0.7,2,0.339,0.4,1.1,0.333,0.3,0.9,0.346,0.432,0.7,0.9,0.769,0.2,0.9,1,1.6,0.9,0.2,0.6,1.1,2.4
Wade Baldwin,POR,Wade Baldwin POR,PG,21,7,0,11.4,2,3,0.667,0.6,0.7,0.8,1.4,2.3,0.625,0.762,0.9,1.4,0.6,0.1,1,1.1,0.7,0.3,0.1,0.6,1.7,5.4
Lonzo Ball,LAL,Lonzo Ball LAL,PG,20,52,50,34.2,3.9,10.8,0.36,1.7,5.7,0.305,2.2,5.2,0.42,0.44,0.6,1.4,0.451,1.3,5.6,6.9,7.2,1.7,0.8,2.6,2.3,10.2
J.J. Barea,DAL,J.J. Barea DAL,PG,33,69,10,23.2,4.4,10,0.439,1.7,4.5,0.367,2.7,5.5,0.499,0.522,1.2,1.5,0.784,0.2,2.7,2.9,6.3,0.5,0,2.1,1.2,11.6
Harrison Barnes,DAL,Harrison Barnes DAL,PF,25,77,77,34.2,7,15.7,0.445,1.5,4.3,0.357,5.4,11.4,0.478,0.494,3.4,4.1,0.827,1,5.1,6.1,2,0.6,0.2,1.5,1.2,18.9
Will Barton,DEN,Will Barton DEN,SG,27,81,40,33.1,5.7,12.7,0.452,1.9,5.2,0.37,3.8,7.5,0.51,0.528,2.2,2.8,0.805,0.9,4.2,5,4.1,1,0.6,1.8,2.1,15.7
Nicolas Batum,CHO,Nicolas Batum CHO,SG,29,64,64,31,4.2,10.2,0.415,1.4,4.3,0.336,2.8,5.9,0.473,0.486,1.7,2,0.831,0.9,3.9,4.8,5.5,1,0.4,2,1.1,11.6
Jerryd Bayless,PHI,Jerryd Bayless PHI,SG,29,39,11,23.7,2.8,6.7,0.416,1.4,3.7,0.37,1.4,3,0.474,0.519,0.9,1.1,0.795,0.4,1.7,2.1,1.4,0.6,0.2,1.2,2.3,7.9
Aron Baynes,BOS,Aron Baynes BOS,C,31,81,67,18.3,2.6,5.5,0.471,0,0.3,0.143,2.6,5.2,0.487,0.474,0.7,1,0.756,1.6,3.8,5.4,1.1,0.3,0.6,1,2.5,6
Kent Bazemore,ATL,Kent Bazemore ATL,SG,28,65,65,27.5,4.4,10.4,0.42,1.7,4.2,0.394,2.7,6.2,0.438,0.5,2.5,3.1,0.796,0.4,3.4,3.8,3.5,1.5,0.7,2.4,2.3,12.9
Bradley Beal,WAS,Bradley Beal WAS,SG,24,82,82,36.3,8.3,18.1,0.46,2.4,6.5,0.375,5.9,11.6,0.507,0.527,3.6,4.5,0.791,0.7,3.7,4.4,4.5,1.2,0.4,2.6,2,22.6
Malik Beasley,DEN,Malik Beasley DEN,SG,21,62,0,9.4,1.2,2.9,0.41,0.5,1.3,0.341,0.7,1.5,0.469,0.489,0.4,0.5,0.667,0.2,0.9,1.1,0.5,0.2,0.1,0.4,0.6,3.2
Michael Beasley,NYK,Michael Beasley NYK,PF,29,74,30,22.3,5.5,10.9,0.507,0.5,1.2,0.395,5.1,9.7,0.52,0.528,1.7,2.1,0.78,1.3,4.3,5.6,1.7,0.5,0.6,1.9,2,13.2
Marco Belinelli,TOT,Marco Belinelli TOT,SG,31,80,2,24.3,4.2,9.6,0.441,1.9,4.9,0.377,2.4,4.6,0.509,0.539,1.9,2,0.908,0.3,1.6,1.9,1.9,0.8,0.2,1.2,1.1,12.1
Marco Belinelli,ATL,Marco Belinelli ATL,SG,31,52,1,23.3,3.8,9.3,0.41,1.8,4.8,0.372,2.1,4.6,0.45,0.505,1.9,2.1,0.927,0.3,1.7,1.9,2,0.9,0.1,1,0.8,11.4
Marco Belinelli,PHI,Marco Belinelli PHI,SG,31,28,1,26.3,4.9,10,0.495,2,5.3,0.385,2.9,4.7,0.618,0.597,1.7,1.9,0.87,0.2,1.6,1.8,1.6,0.7,0.3,1.4,1.8,13.6
Jordan Bell,GSW,Jordan Bell GSW,C,23,57,13,14.2,2,3.2,0.627,0,0.1,0,2,3.2,0.641,0.627,0.5,0.8,0.682,1.1,2.6,3.6,1.8,0.6,1,0.9,1.6,4.6
DeAndre' Bembry,ATL,DeAndre' Bembry ATL,SF,23,26,3,17.5,2,4.9,0.414,0.4,1.2,0.367,1.6,3.8,0.429,0.457,0.7,1.3,0.576,0.3,2.5,2.8,1.9,0.8,0.5,1.8,1.5,5.2
Dragan Bender,PHO,Dragan Bender PHO,PF,20,82,37,25.2,2.3,5.9,0.386,1.4,3.9,0.366,0.8,2,0.426,0.508,0.5,0.6,0.765,0.5,3.9,4.4,1.6,0.3,0.6,1.4,2,6.5
D?vis Bert?ns,SAS,D?vis Bert?ns SAS,PF,25,77,10,14.1,2.1,4.8,0.44,1.2,3.3,0.373,0.9,1.5,0.588,0.568,0.5,0.6,0.816,0.2,1.8,2,1,0.3,0.4,0.5,1.2,5.9
Patrick Beverley,LAC,Patrick Beverley LAC,SG,29,11,11,30.4,4.4,10.8,0.403,2.2,5.5,0.4,2.2,5.4,0.407,0.504,1.3,1.5,0.824,1.5,2.6,4.1,2.9,1.7,0.5,2.3,3.1,12.2
Khem Birch,ORL,Khem Birch ORL,C,25,42,0,13.8,1.6,3,0.54,0,0,,1.6,3,0.54,0.54,1,1.5,0.689,1.7,2.6,4.3,0.8,0.4,0.5,0.5,1.3,4.2
Rashad Vaughn,BRK,Rashad Vaughn BRK,SG,21,1,0,4,0,0,,0,0,,0,0,,,0,0,,0,0,0,1,0,0,0,1,0
Bismack Biyombo,ORL,Bismack Biyombo ORL,C,25,82,25,18.2,2.2,4.3,0.52,0,0,0,2.2,4.3,0.521,0.52,1.2,1.9,0.65,1.8,4,5.7,0.8,0.3,1.2,1,1.9,5.7
Nemanja Bjelica,MIN,Nemanja Bjelica MIN,PF,29,67,21,20.5,2.6,5.5,0.461,1.1,2.7,0.415,1.4,2.8,0.505,0.563,0.5,0.7,0.8,0.8,3.3,4.1,1.3,0.7,0.2,0.8,2.1,6.8
Tarik Black,HOU,Tarik Black HOU,C,26,51,2,10.5,1.5,2.5,0.591,0,0.2,0.091,1.5,2.3,0.638,0.594,0.6,1.2,0.46,1.2,2,3.2,0.3,0.4,0.6,0.7,2.1,3.5
Brandan Wright,HOU,Brandan Wright HOU,PF,30,1,0,15,2,3,0.667,0,0,,2,3,0.667,0.667,0,0,,1,1,2,0,0,1,0,3,4
Eric Bledsoe,TOT,Eric Bledsoe TOT,PG,28,74,74,31.4,6.3,13.4,0.473,1.7,4.9,0.347,4.6,8.5,0.545,0.536,3.4,4.3,0.795,0.7,3.1,3.8,5,2,0.6,2.9,2.5,17.7
Bruno Caboclo,TOR,Bruno Caboclo TOR,SF,22,2,0,3.5,0,1,0,0,1,0,0,0,,0,0,0,,0,0.5,0.5,0.5,0.5,0,0,0.5,0
Eric Bledsoe,MIL,Eric Bledsoe MIL,PG,28,71,71,31.5,6.4,13.4,0.476,1.7,4.9,0.349,4.7,8.5,0.55,0.54,3.4,4.3,0.795,0.7,3.2,3.9,5.1,2,0.6,2.9,2.5,17.8
Vander Blue,LAL,Vander Blue LAL,SG,25,5,0,9,0.2,1,0.2,0,0.4,0,0.2,0.6,0.333,0.2,0.2,0.4,0.5,0,0.2,0.2,0.6,0.2,0,0.6,0.4,0.6
Bogdan Bogdanovi?,SAC,Bogdan Bogdanovi? SAC,SG,25,78,53,27.9,4.4,9.9,0.446,1.7,4.2,0.392,2.8,5.7,0.485,0.529,1.3,1.5,0.84,0.4,2.5,2.9,3.3,0.9,0.2,1.6,2.2,11.8
Bojan Bogdanovi?,IND,Bojan Bogdanovi? IND,SF,28,80,80,30.8,5.1,10.7,0.474,1.9,4.8,0.402,3.1,5.8,0.534,0.565,2.2,2.6,0.868,0.4,3,3.4,1.5,0.7,0.1,1.3,1.6,14.3
Andrew Bogut,LAL,Andrew Bogut LAL,C,33,24,5,9,0.7,1,0.68,0,0,,0.7,1,0.68,0.68,0.1,0.1,1,1.1,2.2,3.3,0.6,0.2,0.5,0.8,1.7,1.5
Joel Bolomboy,MIL,Joel Bolomboy MIL,PF,24,6,0,6.3,0.5,1,0.5,0,0.2,0,0.5,0.8,0.6,0.5,0.5,1,0.5,1,0.7,1.7,0,0.3,0,0.3,0.5,1.5
Devin Booker,PHO,Devin Booker PHO,SG,21,54,54,34.5,8.4,19.5,0.432,2.7,7.1,0.383,5.7,12.4,0.46,0.501,5.4,6.1,0.878,0.5,4,4.5,4.7,0.9,0.3,3.6,3.1,24.9
Trevor Booker,TOT,Trevor Booker TOT,PF,30,68,7,17,2.6,5,0.516,0.1,0.5,0.242,2.5,4.6,0.545,0.528,1,1.4,0.71,1.7,3,4.7,1.2,0.4,0.3,0.9,1.8,6.3
PJ Dozier,OKC,PJ Dozier OKC,PG,21,2,0,1.5,0.5,1,0.5,0,0,,0.5,1,0.5,0.5,0,0,,0,0.5,0.5,0,0,0,0.5,0.5,1
Trevor Booker,PHI,Trevor Booker PHI,PF,30,33,0,15,1.8,3.3,0.56,0.1,0.2,0.286,1.8,3.1,0.578,0.569,1,1.2,0.821,1.4,2.3,3.7,0.8,0.5,0.3,0.6,1.5,4.7
Kay Felder,DET,Kay Felder DET,PG,22,2,0,3,0.5,2,0.25,0,0.5,0,0.5,1.5,0.333,0.25,0,0,,1,1,2,0,0,0,0.5,0,1
Andre Ingram,LAL,Andre Ingram LAL,SG,32,2,0,32,4,8.5,0.471,2.5,4.5,0.556,1.5,4,0.375,0.618,1.5,1.5,1,0.5,2.5,3,3.5,1.5,1.5,1.5,1.5,12
Avery Bradley,TOT,Avery Bradley TOT,SG,27,46,46,31.2,5.6,13.6,0.414,1.6,4.4,0.369,4,9.2,0.436,0.474,1.4,1.8,0.768,0.5,2,2.5,2,1.1,0.2,2.2,2,14.3
Ben Moore,IND,Ben Moore IND,PF,22,2,0,4.5,0,0,,0,0,,0,0,,,0,0,,0,0.5,0.5,0.5,0,0,0,2,0
Avery Bradley,LAC,Avery Bradley LAC,SG,27,6,6,27.5,4.3,9.2,0.473,0.2,1.5,0.111,4.2,7.7,0.543,0.482,0.3,0.3,1,0.5,3.2,3.7,1.8,0.8,0.2,1.3,2,9.2
Tony Bradley,UTA,Tony Bradley UTA,C,20,9,0,3.2,0.3,1.2,0.273,0,0.1,0,0.3,1.1,0.3,0.273,0.2,0.2,1,0.4,0.8,1.2,0.1,0,0,0,0.1,0.9
Corey Brewer,TOT,Corey Brewer TOT,SF-SG,31,72,18,16.8,2,4.4,0.449,0.4,1.5,0.282,1.5,2.9,0.539,0.498,0.9,1.3,0.722,0.6,1.5,2.1,0.9,1.1,0.2,0.7,1.9,5.3
Corey Brewer,LAL,Corey Brewer LAL,SF,31,54,2,12.9,1.4,3.2,0.453,0.1,0.8,0.186,1.3,2.4,0.543,0.477,0.6,0.9,0.667,0.4,1.3,1.7,0.8,0.8,0.1,0.7,1.5,3.7
Jahlil Okafor,PHI,Jahlil Okafor PHI,C,22,2,0,12.5,2,4.5,0.444,0,0,,2,4.5,0.444,0.444,1,2,0.5,2,2.5,4.5,0.5,0,1,1.5,3.5,5
Malcolm Brogdon,MIL,Malcolm Brogdon MIL,PG,25,48,20,29.9,5.1,10.5,0.485,1.3,3.4,0.385,3.8,7.1,0.532,0.547,1.6,1.8,0.882,0.5,2.8,3.3,3.2,0.9,0.3,1.4,2.7,13
Aaron Brooks,MIN,Aaron Brooks MIN,PG,33,32,1,5.9,0.9,2.2,0.406,0.3,1,0.355,0.5,1.2,0.447,0.486,0.3,0.3,0.727,0.2,0.3,0.5,0.6,0.2,0,0.3,0.9,2.3
Dillon Brooks,MEM,Dillon Brooks MEM,SF,22,82,74,28.7,4.1,9.4,0.44,1.1,3.2,0.356,3,6.2,0.484,0.501,1.5,2,0.747,0.6,2.5,3.1,1.6,0.9,0.2,1.5,2.8,11
Xavier Silas,BOS,Xavier Silas BOS,SG,30,2,0,3.5,0,1.5,0,0,1,0,0,0.5,0,0,0,0,,0.5,0.5,1,0,0.5,0,0,0.5,0
Eric Bledsoe,PHO,Eric Bledsoe PHO,PG,28,3,3,27.7,5.3,13.3,0.4,1.3,4.3,0.308,4,9,0.444,0.45,3.7,4.7,0.786,1,1.3,2.3,3,1.3,0.7,3.3,2,15.7
Bobby Brown,HOU,Bobby Brown HOU,PG,33,20,0,5.8,1,2.9,0.328,0.6,2,0.275,0.4,0.9,0.444,0.422,0.1,0.1,0.5,0,0.4,0.4,0.6,0.2,0,0.5,0.3,2.5
Jaylen Brown,BOS,Jaylen Brown BOS,SG,21,70,70,30.7,5.3,11.5,0.465,1.7,4.4,0.395,3.6,7.1,0.507,0.54,2.1,3.3,0.644,0.9,4,4.9,1.6,1,0.4,1.8,2.6,14.5
Larry Drew,PHI,Larry Drew PHI,PG,27,3,0,5,0.3,2.3,0.143,0,1,0,0.3,1.3,0.25,0.143,0,0,,0.3,0,0.3,0.7,0,0,0.3,0.7,0.7
Reggie Hearn,DET,Reggie Hearn DET,SG,26,3,0,2.3,0.3,0.7,0.5,0.3,0.7,0.5,0,0,,0.75,0,0,,0,0,0,0,0,0,0,0,1
Sterling Brown,MIL,Sterling Brown MIL,SG,22,54,4,14.4,1.5,3.8,0.4,0.6,1.7,0.352,0.9,2.1,0.439,0.478,0.4,0.4,0.875,0.5,2.1,2.6,0.5,0.6,0.2,0.5,1.5,4
Nicolas Brussino,ATL,Nicolas Brussino ATL,SF,24,4,0,2.5,0,0.5,0,0,0.5,0,0,0,,0,0,0,,0,0.8,0.8,0,0,0,0,0,0
Thomas Bryant,LAL,Thomas Bryant LAL,C,20,15,0,4.8,0.5,1.4,0.381,0.1,0.7,0.1,0.5,0.7,0.636,0.405,0.3,0.6,0.556,0.2,0.9,1.1,0.4,0.1,0.1,0.1,0.4,1.5
Reggie Bullock,DET,Reggie Bullock DET,SF,26,62,52,27.9,4.3,8.8,0.489,2,4.5,0.445,2.3,4.3,0.536,0.603,0.6,0.8,0.796,0.4,2,2.5,1.5,0.8,0.2,0.8,1.1,11.3
Trey Burke,NYK,Trey Burke NYK,PG,25,36,9,21.8,5.4,10.7,0.503,1.1,2.9,0.362,4.3,7.8,0.556,0.552,1,1.6,0.649,0.4,1.6,2,4.7,0.7,0.1,1.2,1.2,12.8
Alec Burks,UTA,Alec Burks UTA,SG,26,64,1,16.5,2.7,6.5,0.411,0.7,2.2,0.331,1.9,4.3,0.452,0.467,1.7,1.9,0.863,0.3,2.7,3,1,0.6,0.1,0.9,1.2,7.7
Jimmy Butler,MIN,Jimmy Butler MIN,SG,28,59,59,36.7,7.4,15.6,0.474,1.2,3.4,0.35,6.2,12.2,0.509,0.512,6.2,7.2,0.854,1.3,4,5.3,4.9,2,0.4,1.8,1.3,22.2
Dwight Buycks,DET,Dwight Buycks DET,PG,28,29,0,14.7,2.8,6.8,0.414,0.5,1.6,0.333,2.3,5.3,0.438,0.452,1.2,1.4,0.878,0.4,1,1.4,2,0.7,0.1,1.3,1.3,7.4
Bruno Caboclo,TOT,Bruno Caboclo TOT,SF,22,12,0,8.9,0.8,2.6,0.29,0.3,1.4,0.176,0.5,1.2,0.429,0.339,0.4,0.5,0.833,0.6,1.3,1.8,0.3,0.3,0.3,0.3,0.7,2.2
Demetrius Jackson,PHI,Demetrius Jackson PHI,PG,23,3,0,5.7,1,1.3,0.75,0.3,0.3,1,0.7,1,0.667,0.875,0.3,0.7,0.5,0.3,0,0.3,1.3,0.3,0,0.3,0.3,2.7
Bruno Caboclo,SAC,Bruno Caboclo SAC,SF,22,10,0,10,0.9,2.9,0.31,0.3,1.5,0.2,0.6,1.4,0.429,0.362,0.5,0.6,0.833,0.7,1.4,2.1,0.3,0.2,0.4,0.4,0.7,2.6
Jose Calderon,CLE,Jose Calderon CLE,PG,36,57,32,16,1.6,3.2,0.503,0.8,1.7,0.464,0.8,1.5,0.545,0.624,0.4,0.5,0.8,0.2,1.2,1.5,2.1,0.5,0,0.7,1.4,4.5
Kentavious Caldwell-Pope,LAL,Kentavious Caldwell-Pope LAL,SG,24,74,74,33.2,4.6,10.8,0.426,2.1,5.6,0.383,2.4,5.2,0.473,0.526,2.1,2.6,0.789,0.8,4.4,5.2,2.2,1.4,0.2,1.3,2,13.4
Isaiah Canaan,TOT,Isaiah Canaan TOT,PG-SG,26,20,1,21.1,2.6,6.9,0.38,1.1,3.3,0.333,1.5,3.6,0.423,0.46,2.3,2.6,0.902,0.3,2,2.3,3.8,0.8,0.1,1.5,1.8,8.6
Isaiah Canaan,HOU,Isaiah Canaan HOU,SG,26,1,0,4,0,1,0,0,0,,0,1,0,0,0,0,,0,1,1,0,0,0,0,0,0
Isaiah Canaan,PHO,Isaiah Canaan PHO,PG,26,19,1,22,2.7,7.2,0.382,1.2,3.5,0.333,1.6,3.7,0.429,0.463,2.4,2.7,0.902,0.3,2,2.3,4,0.8,0.1,1.5,1.9,9.1
Clint Capela,HOU,Clint Capela HOU,C,23,74,74,27.5,6,9.1,0.652,0,0,0,6,9.1,0.653,0.652,1.9,3.5,0.56,3.3,7.6,10.8,0.9,0.8,1.9,1.4,2.5,13.9
DeMarre Carroll,BRK,DeMarre Carroll BRK,PF,31,73,73,29.9,4.5,10.8,0.414,2,5.4,0.371,2.5,5.4,0.457,0.506,2.6,3.4,0.764,1.4,5.1,6.6,2,0.8,0.4,1.4,2.3,13.5
Vince Carter,SAC,Vince Carter SAC,SF,41,58,5,17.7,2,4.9,0.403,1,2.8,0.345,1,2,0.483,0.504,0.5,0.6,0.757,0.3,2.2,2.6,1.2,0.7,0.4,0.6,1.7,5.4
Michael Carter-Williams,CHO,Michael Carter-Williams CHO,PG,26,52,2,16.1,1.5,4.4,0.332,0.3,1.1,0.237,1.2,3.3,0.365,0.362,1.4,1.7,0.82,0.7,1.9,2.7,2.2,0.8,0.4,1,1.9,4.6
Monte Morris,DEN,Monte Morris DEN,PG,22,3,0,8.3,1.3,2,0.667,0,0.3,0,1.3,1.7,0.8,0.667,0.7,0.7,1,0,0.7,0.7,2.3,1,0,0.3,0.3,3.3
Omri Casspi,GSW,Omri Casspi GSW,SF,29,53,7,14,2.3,3.9,0.58,0.2,0.4,0.455,2.1,3.5,0.595,0.604,0.9,1.3,0.725,0.6,3.2,3.8,1,0.3,0.4,0.7,1.3,5.7
Willie Cauley-Stein,SAC,Willie Cauley-Stein SAC,C,24,73,58,28,5.3,10.6,0.502,0,0.2,0.25,5.3,10.4,0.506,0.504,2.1,3.4,0.619,1.8,5.2,7,2.4,1.1,0.9,1.5,2.5,12.8
Tyler Cavanaugh,ATL,Tyler Cavanaugh ATL,PF,23,39,1,13.3,1.7,3.9,0.441,0.8,2.3,0.36,0.9,1.6,0.556,0.546,0.4,0.5,0.81,1.2,2.1,3.3,0.7,0.2,0.1,0.4,1.6,4.7
Mario Chalmers,MEM,Mario Chalmers MEM,PG,31,66,10,21.5,2.5,6.7,0.379,0.8,2.9,0.277,1.7,3.8,0.456,0.439,1.8,2.1,0.855,0.2,2.2,2.4,3,1.2,0.2,1.8,2.7,7.7
Tyson Chandler,PHO,Tyson Chandler PHO,C,35,46,46,25,2.6,4.1,0.647,0,0,,2.6,4.1,0.647,0.647,1.3,2,0.624,2.9,6.2,9.1,1.2,0.3,0.6,1.3,2.3,6.5
Wilson Chandler,DEN,Wilson Chandler DEN,SF,30,74,71,31.7,3.8,8.5,0.445,1.2,3.3,0.358,2.6,5.2,0.501,0.515,1.2,1.5,0.772,1.4,4,5.4,2.1,0.6,0.5,1.2,2.1,10
Marquese Chriss,PHO,Marquese Chriss PHO,PF,20,72,49,21.2,2.8,6.6,0.423,0.8,2.6,0.295,2,4,0.509,0.482,1.3,2.2,0.608,1.1,4.4,5.5,1.2,0.7,1,1.5,2.8,7.7
Ian Clark,NOP,Ian Clark NOP,SG,26,74,2,19.7,3,6.7,0.448,0.8,2.6,0.318,2.2,4.1,0.533,0.511,0.6,0.8,0.763,0.1,1.6,1.7,1.5,0.4,0.1,0.8,1.6,7.4
Jordan Clarkson,TOT,Jordan Clarkson TOT,SG,25,81,2,23.3,5.3,11.8,0.451,1.4,3.9,0.352,3.9,7.9,0.5,0.509,1.9,2.3,0.8,0.7,2,2.7,2.7,0.7,0.1,1.6,1.3,13.9
Tim Quarterman,HOU,Tim Quarterman HOU,SG,23,3,0,4.3,0.3,1,0.333,0,0.7,0,0.3,0.3,1,0.333,0.7,0.7,1,0,1,1,0.3,0,0,0.7,0.3,1.3
Jordan Clarkson,CLE,Jordan Clarkson CLE,SG,25,28,0,22.6,4.7,10.3,0.456,1.6,3.9,0.407,3.1,6.4,0.486,0.533,1.7,2.1,0.81,0.5,1.6,2.1,1.7,0.7,0.1,1.1,1.6,12.6
Gian Clavell,DAL,Gian Clavell DAL,SG,24,7,0,9.1,0.9,2.6,0.333,0.9,2.1,0.4,0,0.4,0,0.5,0.3,0.3,1,0.1,0.9,1,0.4,0.3,0,0.3,1.1,2.9
Antonius Cleveland,TOT,Antonius Cleveland TOT,SG,23,17,0,7.2,0.5,1.2,0.381,0.2,0.2,0.75,0.3,1,0.294,0.452,0.2,0.4,0.667,0.2,0.6,0.8,0.1,0.4,0.3,0.4,1.4,1.4
Antonius Cleveland,DAL,Antonius Cleveland DAL,SG,23,13,0,6.2,0.3,1.1,0.286,0,0.1,0,0.3,1,0.308,0.286,0.2,0.3,0.5,0.2,0.6,0.8,0.2,0.5,0.3,0.2,0.8,0.8
Antonius Cleveland,ATL,Antonius Cleveland ATL,SG,23,4,0,10.5,1,1.8,0.571,0.8,0.8,1,0.3,1,0.25,0.786,0.5,0.5,1,0.3,0.8,1,0,0.3,0.3,1.3,3,3.3
John Collins,ATL,John Collins ATL,PF,20,74,26,24.1,4.2,7.4,0.576,0.2,0.6,0.34,4,6.7,0.598,0.591,1.8,2.5,0.715,2.4,4.9,7.3,1.3,0.6,1.1,1.4,2.9,10.5
Zach Collins,POR,Zach Collins POR,C,20,66,1,15.8,1.7,4.4,0.398,0.5,1.7,0.31,1.2,2.7,0.455,0.458,0.4,0.6,0.643,0.7,2.7,3.3,0.8,0.3,0.5,0.9,2,4.4
Kyle Collinsworth,DAL,Kyle Collinsworth DAL,SF,26,32,2,15,1.2,3.1,0.384,0.1,0.5,0.235,1.1,2.6,0.415,0.404,0.7,1.3,0.525,1,2.3,3.3,1.8,0.5,0.3,0.8,1.4,3.2
Darren Collison,IND,Darren Collison IND,PG,30,69,64,29.2,4.6,9.2,0.495,1.4,3,0.468,3.2,6.3,0.508,0.571,1.8,2.1,0.882,0.5,2,2.6,5.3,1.3,0.2,1.2,1.8,12.4
Nick Collison,OKC,Nick Collison OKC,PF,37,15,0,5,0.9,1.3,0.684,0,0,,0.9,1.3,0.684,0.684,0.3,0.9,0.385,0.5,0.9,1.3,0.3,0,0,0.5,0.5,2.1
Mike Conley,MEM,Mike Conley MEM,PG,30,12,12,31.1,5.3,14,0.381,2,6.4,0.312,3.3,7.6,0.44,0.452,4.4,5.5,0.803,0,2.3,2.3,4.1,1,0.3,1.5,2,17.1
Pat Connaughton,POR,Pat Connaughton POR,SG,25,82,5,18.1,2,4.8,0.423,0.9,2.6,0.352,1.1,2.2,0.506,0.518,0.5,0.5,0.841,0.4,1.5,2,1.1,0.3,0.3,0.5,1.5,5.4
Willie Reed,DET,Willie Reed DET,C,27,3,0,3,0.3,0.3,1,0,0,,0.3,0.3,1,1,0,0,,0,0.3,0.3,0.3,0,0,0,1,0.7
David Stockton,UTA,David Stockton UTA,PG,26,3,0,3,0.7,1,0.667,0.7,1,0.667,0,0,,1,1.3,1.3,1,0,0,0,0,0,0,0.3,1,3.3
Marquis Teague,MEM,Marquis Teague MEM,PG,24,3,0,24.7,1.3,5.3,0.25,0.3,1.3,0.25,1,4,0.25,0.281,0.7,1.7,0.4,0.3,1.7,2,4.3,1.3,0,1,1.7,3.7
Markel Brown,HOU,Markel Brown HOU,SG,26,4,0,7.8,0.5,1.8,0.286,0.3,1.3,0.2,0.3,0.5,0.5,0.357,0,0,,0.3,1,1.3,0.5,0,0,0.5,1.5,1.3
DeMarcus Cousins,NOP,DeMarcus Cousins NOP,C,27,48,48,36.2,8.5,18,0.47,2.2,6.1,0.354,6.3,11.9,0.53,0.53,6.1,8.2,0.746,2.2,10.7,12.9,5.4,1.6,1.6,5,3.8,25.2
Robert Covington,PHI,Robert Covington PHI,SF,27,80,80,31.7,4.3,10.5,0.413,2.5,6.9,0.369,1.8,3.6,0.497,0.534,1.5,1.7,0.853,0.7,4.7,5.4,2,1.7,0.9,1.6,3,12.6
Allen Crabbe,BRK,Allen Crabbe BRK,SG,25,75,68,29.3,4.5,11,0.407,2.7,7.1,0.378,1.8,3.9,0.461,0.529,1.5,1.8,0.852,0.4,3.9,4.3,1.6,0.6,0.5,1,2.2,13.2
Matt Costello,SAS,Matt Costello SAS,C,24,4,0,8,0.5,1,0.5,0,0,,0.5,1,0.5,0.5,0,0,,0.3,2,2.3,0.5,0.5,0.5,0.3,1.8,1
Jamal Crawford,MIN,Jamal Crawford MIN,SG,37,80,0,20.7,3.9,9.3,0.415,1.3,3.9,0.331,2.6,5.4,0.477,0.485,1.3,1.4,0.903,0.3,1,1.2,2.3,0.5,0.1,1.2,1.1,10.3
Jordan Crawford,NOP,Jordan Crawford NOP,SG,29,5,0,10.6,2.4,5.4,0.444,1.6,2.8,0.571,0.8,2.6,0.308,0.593,0.2,0.2,1,0.4,0.4,0.8,2.6,0.2,0.2,1,1.4,6.6
Jae Crowder,TOT,Jae Crowder TOT,SF,27,80,47,26.1,3.4,8.4,0.404,1.4,4.3,0.323,2,4.1,0.488,0.486,1.5,1.9,0.818,0.7,2.7,3.4,1.2,0.8,0.3,0.9,2.3,9.7
Jonathan Gibson,BOS,Jonathan Gibson BOS,PG,30,4,0,10,3.5,5.8,0.609,1.5,3,0.5,2,2.8,0.727,0.739,0,0,,0,0.8,0.8,1,0,0,0.8,1.3,8.5
Jae Crowder,UTA,Jae Crowder UTA,SF,27,27,0,27.6,4.2,10.9,0.386,1.8,5.6,0.316,2.4,5.3,0.462,0.468,1.6,2.1,0.768,0.7,3.1,3.8,1.5,0.9,0.3,1.2,2.3,11.8
Dante Cunningham,TOT,Dante Cunningham TOT,SF,30,73,25,21.4,2.2,5,0.451,0.8,2.3,0.345,1.5,2.7,0.541,0.53,0.4,0.7,0.596,1.1,3,4.1,0.7,0.5,0.4,0.5,1.5,5.7
Mike James,NOP,Mike James NOP,PG,27,4,0,4.5,0.5,2.3,0.222,0,0.3,0,0.5,2,0.25,0.222,0,0,,0.3,0,0.3,1.5,0.3,0,0.3,0.8,1
Dante Cunningham,BRK,Dante Cunningham BRK,SF,30,22,1,20.3,3,6.3,0.468,1,2.7,0.383,1.9,3.6,0.532,0.55,0.5,0.7,0.688,1.3,3.5,4.8,1,0.5,0.6,0.8,1.6,7.5
Stephen Curry,GSW,Stephen Curry GSW,PG,29,51,51,32,8.4,16.9,0.495,4.2,9.8,0.423,4.2,7.1,0.595,0.618,5.5,5.9,0.921,0.7,4.4,5.1,6.1,1.6,0.2,3,2.2,26.4
Troy Daniels,PHO,Troy Daniels PHO,SG,26,79,15,20.5,2.9,7.3,0.403,2.3,5.8,0.4,0.6,1.5,0.419,0.563,0.7,0.8,0.875,0.2,1.5,1.6,0.6,0.3,0.1,0.7,1.7,8.9
Anthony Davis,NOP,Anthony Davis NOP,PF,24,75,75,36.4,10.4,19.5,0.534,0.7,2.2,0.34,9.7,17.3,0.558,0.552,6.6,8,0.828,2.5,8.6,11.1,2.3,1.5,2.6,2.2,2.1,28.1
Deyonta Davis,MEM,Deyonta Davis MEM,C,21,62,6,15.2,2.6,4.3,0.608,0,0,,2.6,4.3,0.608,0.608,0.6,0.9,0.667,1.2,2.8,4,0.6,0.2,0.6,0.5,2,5.8
Ed Davis,POR,Ed Davis POR,C,28,78,0,18.9,2.2,3.7,0.582,0,0,0,2.2,3.7,0.584,0.582,0.9,1.4,0.667,2.3,5,7.4,0.5,0.4,0.7,0.8,2.4,5.3
Dewayne Dedmon,ATL,Dewayne Dedmon ATL,C,28,62,46,24.9,4,7.7,0.524,0.8,2.3,0.355,3.2,5.4,0.595,0.577,1.1,1.4,0.779,1.6,6.3,7.9,1.5,0.6,0.8,1.4,2.6,10
Sam Dekker,LAC,Sam Dekker LAC,PF,23,73,1,12.1,1.8,3.5,0.494,0.1,0.8,0.167,1.6,2.7,0.593,0.514,0.5,0.8,0.661,0.6,1.8,2.4,0.5,0.3,0.1,0.5,1,4.2
Malcolm Delaney,ATL,Malcolm Delaney ATL,PG,28,54,3,18.8,2,5.3,0.382,0.9,2.3,0.371,1.2,3,0.391,0.463,1.4,1.7,0.804,0.2,1.7,1.9,3,0.6,0.1,1.2,1.5,6.3
Matthew Dellavedova,MIL,Matthew Dellavedova MIL,PG,27,38,3,18.7,1.4,4,0.362,0.8,2.1,0.372,0.7,1.9,0.351,0.457,0.7,0.7,0.926,0.4,1.3,1.7,3.8,0.4,0,1.3,1.8,4.3
Luol Deng,LAL,Luol Deng LAL,SF,32,1,1,13,1,2,0.5,0,0,,1,2,0.5,0.5,0,0,,0,0,0,1,1,0,1,0,2
DeMar DeRozan,TOR,DeMar DeRozan TOR,SG,28,80,80,33.9,8.1,17.7,0.456,1.1,3.6,0.31,7,14.1,0.494,0.488,5.8,7,0.825,0.7,3.2,3.9,5.2,1.1,0.3,2.2,1.9,23
Cheick Diallo,NOP,Cheick Diallo NOP,PF,21,52,0,11.2,2,3.4,0.58,0,0,,2,3.4,0.58,0.58,1,1.3,0.758,0.9,3.2,4.1,0.4,0.2,0.4,0.5,1.6,4.9
Gorgui Dieng,MIN,Gorgui Dieng MIN,C,28,79,0,16.9,2.4,4.9,0.479,0.2,0.8,0.311,2.1,4.1,0.511,0.504,1,1.3,0.775,1.3,3.2,4.6,0.9,0.6,0.5,0.7,1.9,5.9
Spencer Dinwiddie,BRK,Spencer Dinwiddie BRK,PG,24,80,58,28.8,4.1,10.5,0.387,1.8,5.4,0.326,2.3,5.1,0.452,0.471,2.7,3.4,0.813,0.5,2.7,3.2,6.6,0.9,0.3,1.6,2.3,12.6
Tyler Dorsey,ATL,Tyler Dorsey ATL,SG,21,56,5,17.4,2.6,6.8,0.377,1.3,3.6,0.362,1.3,3.3,0.393,0.471,0.8,1.1,0.714,0.3,2,2.3,1.4,0.3,0.1,0.7,1.1,7.2
Damyean Dotson,NYK,Damyean Dotson NYK,SG,23,44,2,10.8,1.6,3.7,0.447,0.5,1.5,0.324,1.1,2.1,0.538,0.516,0.4,0.5,0.696,0.2,1.7,1.9,0.7,0.3,0,0.4,0.8,4.1
Omari Johnson,MEM,Omari Johnson MEM,PF,28,4,0,18.8,2.3,5.3,0.429,1,3,0.333,1.3,2.3,0.556,0.524,0,0,,1,1.8,2.8,1.8,0.5,0,0.8,1.5,5.5
Jalen Jones,NOP,Jalen Jones NOP,SF,24,4,0,4.8,0.3,1,0.25,0.3,0.3,1,0,0.8,0,0.375,0.5,0.5,1,0,0.8,0.8,0,0,0,0,0.5,1.3
Goran Dragi?,MIA,Goran Dragi? MIA,PG,31,75,75,31.7,6.5,14.3,0.45,1.5,4,0.37,5,10.3,0.481,0.502,2.9,3.6,0.801,0.7,3.4,4.1,4.8,0.8,0.2,2.2,2.4,17.3
Larry Drew,TOT,Larry Drew TOT,PG,27,10,0,7,0.7,2.4,0.292,0.3,0.9,0.333,0.4,1.5,0.267,0.354,0,0,,0.3,0,0.3,1,0,0,0.3,0.6,1.7
Mangok Mathiang,CHO,Mangok Mathiang CHO,C,25,4,0,5,1,1.8,0.571,0,0,,1,1.8,0.571,0.571,0,0.3,0,0.8,1.8,2.5,0,0.3,0,0,1.3,2
Larry Drew,NOP,Larry Drew NOP,PG,27,7,0,7.9,0.9,2.4,0.353,0.4,0.9,0.5,0.4,1.6,0.273,0.441,0,0,,0.3,0,0.3,1.1,0,0,0.3,0.6,2.1
Andre Drummond,DET,Andre Drummond DET,C,24,78,78,33.7,6,11.3,0.529,0,0.1,0,6,11.2,0.536,0.529,3.1,5.1,0.605,5.1,10.9,16,3,1.5,1.6,2.6,3.2,15
Jared Dudley,PHO,Jared Dudley PHO,PF,32,48,0,14.3,1,2.5,0.393,0.6,1.7,0.363,0.4,0.9,0.452,0.512,0.6,0.7,0.771,0.2,1.8,2,1.6,0.5,0.2,0.6,1.8,3.2
Kris Dunn,CHI,Kris Dunn CHI,PG,23,52,43,29.3,5.5,12.8,0.429,0.8,2.6,0.321,4.7,10.2,0.457,0.462,1.6,2.2,0.737,0.5,3.8,4.3,6,2,0.5,2.9,3.3,13.4
Kevin Durant,GSW,Kevin Durant GSW,SF,29,68,68,34.2,9.3,18,0.516,2.5,6.1,0.419,6.7,11.9,0.565,0.586,5.3,5.9,0.889,0.5,6.4,6.8,5.4,0.7,1.8,3,2,26.4
Jarell Eddie,TOT,Jarell Eddie TOT,SF,26,3,0,3,0,0.7,0,0,0.7,0,0,0,,0,0,0,,0,0.3,0.3,0,0.3,0,0,0,0
Jarell Eddie,BOS,Jarell Eddie BOS,SF,26,2,0,3,0,0.5,0,0,0.5,0,0,0,,0,0,0,,0,0.5,0.5,0,0.5,0,0,0,0
Jarell Eddie,CHI,Jarell Eddie CHI,SF,26,1,0,3,0,1,0,0,1,0,0,0,,0,0,0,,0,0,0,0,0,0,0,0,0
Henry Ellenson,DET,Henry Ellenson DET,PF,21,38,0,8.7,1.4,3.8,0.363,0.5,1.6,0.333,0.9,2.3,0.384,0.432,0.7,0.8,0.862,0.3,1.9,2.1,0.5,0.1,0,0.5,0.6,4
Wayne Ellington,MIA,Wayne Ellington MIA,SG,30,77,2,26.5,3.7,9.1,0.407,2.9,7.5,0.392,0.8,1.6,0.479,0.569,0.9,1,0.859,0.3,2.5,2.8,1,0.7,0.1,0.7,1.2,11.2
Joel Embiid,PHI,Joel Embiid PHI,C,23,63,63,30.3,8.1,16.8,0.483,1,3.4,0.308,7,13.4,0.527,0.514,5.7,7.4,0.769,2.3,8.7,11,3.2,0.6,1.8,3.7,3.3,22.9
James Ennis,TOT,James Ennis TOT,SF,27,72,22,22.3,2.5,5.3,0.474,0.7,2.1,0.333,1.8,3.2,0.567,0.54,1.3,1.6,0.836,1,2.1,3.1,1,0.7,0.3,0.8,1.9,7.1
Erik McCree,UTA,Erik McCree UTA,SF,24,4,0,2,0,0.5,0,0,0.3,0,0,0.3,0,0,0,0,,0,0.3,0.3,0,0.3,0,0.3,0,0
James Ennis,DET,James Ennis DET,SF,27,27,8,20.4,2.7,6,0.457,0.8,2.6,0.304,2,3.4,0.57,0.522,1.2,1.6,0.767,0.7,1.7,2.5,0.8,0.6,0.2,0.7,2,7.5
Tyler Ennis,LAL,Tyler Ennis LAL,PG,23,54,11,12.6,1.7,4.1,0.42,0.3,1,0.25,1.5,3.1,0.476,0.451,0.4,0.5,0.759,0.4,1.4,1.8,1.9,0.6,0.2,0.7,1.4,4.1
Jawun Evans,LAC,Jawun Evans LAC,PG,21,48,4,16.2,1.9,5.3,0.352,0.3,1.1,0.278,1.5,4.1,0.372,0.381,0.8,1,0.776,0.2,1.6,1.8,2.1,0.8,0.1,0.9,2,4.8
Jeremy Evans,ATL,Jeremy Evans ATL,SF,30,1,0,5,1,1,1,0,0,,1,1,1,1,0,0,,1,0,1,0,0,0,1,1,2
Tyreke Evans,MEM,Tyreke Evans MEM,PG,28,52,32,30.9,7,15.6,0.452,2.2,5.5,0.399,4.8,10.1,0.482,0.523,3.2,4,0.785,0.8,4.3,5.1,5.2,1.1,0.3,2.3,1.8,19.4
Dante Exum,UTA,Dante Exum UTA,PG,22,14,0,16.8,3,6.2,0.483,0.4,1.3,0.278,2.6,4.9,0.536,0.511,1.8,2.2,0.806,0.3,1.6,1.9,3.1,0.6,0.2,1.4,1.4,8.1
Kenneth Faried,DEN,Kenneth Faried DEN,PF,28,32,7,14.4,2.4,4.6,0.514,0,0,0,2.4,4.6,0.517,0.514,1.1,1.6,0.706,2.1,2.7,4.8,0.6,0.4,0.4,0.7,1.6,5.9
Derrick Favors,UTA,Derrick Favors UTA,C,26,77,77,28,5.1,9.1,0.563,0.2,0.8,0.222,4.9,8.3,0.596,0.573,1.8,2.8,0.651,2.6,4.6,7.2,1.3,0.7,1.1,1.1,2.1,12.3
Kay Felder,TOT,Kay Felder TOT,PG,22,16,0,8.8,1.3,4.4,0.3,0.3,1.2,0.211,1.1,3.2,0.333,0.329,0.7,0.8,0.917,0.2,0.9,1.1,1.3,0.2,0.1,1,0.7,3.6
Kay Felder,CHI,Kay Felder CHI,PG,22,14,0,9.6,1.4,4.7,0.303,0.3,1.3,0.222,1.1,3.4,0.333,0.333,0.8,0.9,0.917,0.1,0.9,1,1.4,0.2,0.1,1.1,0.8,3.9
Nigel Hayes,SAC,Nigel Hayes SAC,SF,23,5,0,21,1.6,5.6,0.286,0.4,2.4,0.167,1.2,3.2,0.375,0.321,0,0.4,0,0.8,3.6,4.4,0.8,0.4,0.6,0.2,1.6,3.6
Cristiano Felicio,CHI,Cristiano Felicio CHI,C,25,55,16,17.8,2.3,3.9,0.591,0,0,0,2.3,3.9,0.596,0.591,1,1.5,0.667,1.5,2.7,4.2,1,0.3,0.2,1,1.9,5.6
Raymond Felton,OKC,Raymond Felton OKC,PG,33,82,2,16.6,2.7,6.7,0.406,1,2.8,0.352,1.7,3.9,0.444,0.479,0.4,0.5,0.818,0.3,1.6,1.9,2.5,0.6,0.2,0.9,1.1,6.9
Terrance Ferguson,OKC,Terrance Ferguson OKC,SG,19,61,12,12.5,1.1,2.8,0.414,0.7,2,0.333,0.5,0.8,0.612,0.533,0.1,0.2,0.9,0.3,0.5,0.8,0.3,0.4,0.2,0.2,1.4,3.1
Yogi Ferrell,DAL,Yogi Ferrell DAL,SG,24,82,21,27.8,3.8,8.9,0.426,1.6,4.4,0.373,2.2,4.5,0.477,0.518,1,1.3,0.796,0.3,2.7,3,2.5,0.8,0.1,1,1.9,10.2
Dorian Finney-Smith,DAL,Dorian Finney-Smith DAL,PF,24,21,13,21.3,2.2,5.8,0.38,1,3.2,0.299,1.2,2.6,0.481,0.463,0.5,0.7,0.733,1,2.5,3.6,1.2,0.5,0.2,1,2,5.9
Bryn Forbes,SAS,Bryn Forbes SAS,SG,24,80,12,19,2.6,6.2,0.421,1.1,2.9,0.39,1.5,3.4,0.446,0.51,0.6,0.9,0.667,0.2,1.2,1.4,1,0.4,0,0.5,1.4,6.9
Evan Fournier,ORL,Evan Fournier ORL,SF,25,57,57,32.2,6.5,14.1,0.459,2.2,5.9,0.379,4.2,8.2,0.516,0.538,2.6,3,0.867,0.4,2.8,3.2,2.9,0.8,0.3,1.7,2.4,17.8
De'Aaron Fox,SAC,De'Aaron Fox SAC,PG,20,73,60,27.8,4.5,10.9,0.412,0.6,2.1,0.307,3.8,8.8,0.436,0.441,1.9,2.7,0.723,0.5,2.3,2.8,4.4,1,0.3,2.4,2.2,11.6
Tim Frazier,WAS,Tim Frazier WAS,PG,27,59,11,14.2,1.2,2.9,0.395,0.3,0.9,0.304,0.9,2,0.44,0.445,0.4,0.5,0.767,0.3,1.6,1.9,3.3,0.8,0.1,1,1.6,3
Channing Frye,TOT,Channing Frye TOT,C,34,53,1,13.1,2,4,0.491,0.7,2.2,0.339,1.2,1.8,0.67,0.583,0.3,0.4,0.895,0.2,2.3,2.5,0.7,0.3,0.2,0.4,1.3,5
R.J. Hunter,HOU,R.J. Hunter HOU,SG,24,5,1,9,1.4,4,0.35,0.6,2.8,0.214,0.8,1.2,0.667,0.425,0.4,0.4,1,0,1,1,0.6,0.6,0,0.4,1.4,3.8
Channing Frye,LAL,Channing Frye LAL,C,34,9,0,16.7,2.2,4.8,0.465,1,2.8,0.36,1.2,2,0.611,0.57,0.3,0.4,0.75,0.2,2.6,2.8,1.1,0.1,0.1,0.4,1.7,5.8
Markelle Fultz,PHI,Markelle Fultz PHI,SG,19,14,0,18.1,3.2,7.9,0.405,0,0.1,0,3.2,7.9,0.409,0.405,0.7,1.5,0.476,0.8,2.3,3.1,3.8,0.9,0.3,1.2,1.6,7.1
Danilo Gallinari,LAC,Danilo Gallinari LAC,SF,29,21,21,32,4.9,12.2,0.398,1.7,5.3,0.324,3.1,6.9,0.455,0.469,3.9,4.1,0.931,0.4,4.4,4.8,2,0.6,0.5,1.2,1.4,15.3
Langston Galloway,DET,Langston Galloway DET,SG,26,58,2,14.9,2.2,5.9,0.371,1.3,3.8,0.344,0.9,2.1,0.418,0.481,0.6,0.7,0.805,0.2,1.4,1.6,1,0.6,0.1,0.3,0.7,6.2
Marc Gasol,MEM,Marc Gasol MEM,C,33,73,73,33,5.9,14.2,0.42,1.5,4.4,0.341,4.5,9.8,0.456,0.473,3.8,4.6,0.834,1.1,7,8.1,4.2,0.7,1.4,2.7,2.5,17.2
Pau Gasol,SAS,Pau Gasol SAS,C,37,77,63,23.5,3.7,8.1,0.458,0.6,1.6,0.358,3.2,6.6,0.481,0.492,2.1,2.7,0.756,1.7,6.4,8,3.1,0.3,1,1.4,1.6,10.1
Rudy Gay,SAS,Rudy Gay SAS,PF,31,57,6,21.6,4.4,9.4,0.471,0.6,2.1,0.314,3.8,7.4,0.516,0.506,2,2.5,0.772,1.3,3.8,5.1,1.3,0.8,0.7,1.4,1.7,11.5
Paul George,OKC,Paul George OKC,SF,27,79,79,36.6,7.3,17,0.43,3.1,7.7,0.401,4.2,9.3,0.454,0.521,4.3,5.2,0.822,0.9,4.7,5.7,3.3,2,0.5,2.7,2.9,21.9
Marcus Georges-Hunt,MIN,Marcus Georges-Hunt MIN,SG,23,42,0,5.3,0.5,1.1,0.438,0.1,0.4,0.267,0.4,0.8,0.515,0.479,0.3,0.5,0.619,0.2,0.2,0.4,0.2,0.1,0,0.1,0.8,1.4
Greg Monroe,MIL,Greg Monroe MIL,C,27,5,0,15.8,3.2,6.6,0.485,0,0,,3.2,6.6,0.485,0.485,0.4,0.8,0.5,1.2,3.8,5,1,0,0,1.2,1.4,6.8
Taj Gibson,MIN,Taj Gibson MIN,PF,32,82,82,33.2,5.2,9,0.577,0.1,0.4,0.2,5.1,8.6,0.595,0.581,1.7,2.3,0.768,2.4,4.8,7.1,1.2,0.8,0.7,1.1,2.7,12.2
Manu Ginobili,SAS,Manu Ginobili SAS,SG,40,65,0,20,3.1,7.1,0.434,1,3,0.333,2.1,4.2,0.506,0.503,1.7,2,0.84,0.3,1.9,2.2,2.5,0.7,0.2,1.6,1.9,8.9
Rudy Gobert,UTA,Rudy Gobert UTA,C,25,56,56,32.4,4.9,7.9,0.622,0,0,,4.9,7.9,0.622,0.622,3.6,5.3,0.682,2.9,7.8,10.7,1.4,0.8,2.3,1.9,2.7,13.5
Aaron Gordon,ORL,Aaron Gordon ORL,PF,22,58,57,32.9,6.5,14.9,0.434,2,5.9,0.336,4.5,9,0.497,0.5,2.7,3.9,0.698,1.5,6.4,7.9,2.3,1,0.8,1.8,1.9,17.6
Eric Gordon,HOU,Eric Gordon HOU,SG,29,69,30,31.2,6,14.1,0.428,3.2,8.8,0.359,2.9,5.2,0.544,0.54,2.8,3.5,0.809,0.4,2.1,2.5,2.2,0.6,0.4,1.9,1.7,18
Marcin Gortat,WAS,Marcin Gortat WAS,C,33,82,82,25.3,3.5,6.8,0.518,0,0,,3.5,6.8,0.518,0.518,1.3,2,0.675,2.2,5.4,7.6,1.8,0.5,0.7,1.2,2.1,8.4
Treveon Graham,CHO,Treveon Graham CHO,SG,24,63,2,16.7,1.5,3.5,0.434,0.6,1.5,0.412,0.9,2,0.452,0.525,0.7,0.9,0.695,0.7,1.3,1.9,0.9,0.5,0,0.4,1.7,4.3
Jerami Grant,OKC,Jerami Grant OKC,PF,23,81,1,20.3,3,5.6,0.535,0.4,1.4,0.291,2.6,4.3,0.613,0.57,2,3,0.675,1.1,2.9,3.9,0.7,0.4,1,0.7,1.9,8.4
Jerian Grant,CHI,Jerian Grant CHI,PG,25,74,26,22.8,2.8,6.8,0.416,0.8,2.5,0.326,2,4.3,0.468,0.476,1.9,2.5,0.745,0.4,1.9,2.3,4.6,0.9,0.1,1.2,1.8,8.4
Josh Gray,PHO,Josh Gray PHO,PG,24,5,0,17.2,2.2,8.2,0.268,0.6,2.6,0.231,1.6,5.6,0.286,0.305,1.4,2.2,0.636,0.4,1.6,2,2.4,1.6,0.4,1.4,1.6,6.4
Danny Green,SAS,Danny Green SAS,SG,30,70,60,25.6,3.1,8,0.387,1.7,4.6,0.363,1.4,3.4,0.419,0.49,0.7,0.9,0.769,0.6,3,3.6,1.6,0.9,1.1,1.1,1.7,8.6
Draymond Green,GSW,Draymond Green GSW,PF,27,70,70,32.7,4,8.8,0.454,1.1,3.7,0.301,2.9,5.2,0.562,0.516,1.9,2.5,0.775,1.1,6.6,7.6,7.3,1.4,1.3,2.9,2.6,11
Gerald Green,HOU,Gerald Green HOU,SG,32,41,2,22.7,4.1,10.1,0.407,2.7,7.3,0.369,1.4,2.8,0.504,0.54,1.2,1.5,0.85,0.4,2.9,3.2,0.6,0.6,0.4,0.8,2.1,12.1
JaMychal Green,MEM,JaMychal Green MEM,PF,27,55,54,28,4.1,8.9,0.457,0.8,2.3,0.339,3.3,6.6,0.499,0.501,1.5,2,0.721,2.7,5.8,8.4,1.4,0.6,0.5,1.4,2.8,10.3
Jeff Green,CLE,Jeff Green CLE,PF,31,78,13,23.4,3.8,7.9,0.477,0.7,2.2,0.312,3.1,5.7,0.54,0.52,2.6,3,0.868,0.8,2.4,3.2,1.3,0.5,0.4,1,1.9,10.8
Blake Griffin,TOT,Blake Griffin TOT,PF,28,58,58,34,7.5,17.2,0.438,1.9,5.6,0.345,5.6,11.6,0.482,0.493,4.5,5.7,0.785,1.3,6.1,7.4,5.8,0.7,0.3,2.8,2.4,21.4
Marcus Paige,CHO,Marcus Paige CHO,PG,24,5,0,5.6,0.8,2.8,0.286,0.4,1.6,0.25,0.4,1.2,0.333,0.357,0.4,0.4,1,0,0.8,0.8,0.6,0,0,0,0,2.4
Blake Griffin,DET,Blake Griffin DET,PF,28,25,25,33.2,7.2,16.7,0.433,1.9,5.4,0.348,5.4,11.3,0.473,0.489,3.5,4.4,0.784,1.1,5.6,6.6,6.2,0.4,0.4,2.6,2.4,19.8
Adreian Payne,ORL,Adreian Payne ORL,PF,26,5,0,8.6,1.4,2,0.7,0.4,0.6,0.667,1,1.4,0.714,0.8,1,1.2,0.833,0.4,1.4,1.8,0,0.4,0,0.4,1.2,4.2
Tim Hardaway,NYK,Tim Hardaway NYK,SG,25,57,54,33.1,6.3,15,0.421,2.3,7.2,0.317,4,7.8,0.516,0.496,2.6,3.1,0.816,0.6,3.4,3.9,2.7,1.1,0.2,1.6,2.2,17.5
James Harden,HOU,James Harden HOU,SG,28,72,72,35.4,9,20.1,0.449,3.7,10,0.367,5.4,10.1,0.531,0.541,8.7,10.1,0.858,0.6,4.8,5.4,8.8,1.8,0.7,4.4,2.3,30.4
Maurice Harkless,POR,Maurice Harkless POR,SF,24,59,36,21.4,2.5,5,0.495,0.8,2,0.415,1.7,3,0.547,0.577,0.7,1,0.712,0.8,2,2.7,0.9,0.8,0.7,0.7,1.7,6.5
Montrezl Harrell,LAC,Montrezl Harrell LAC,C,24,76,3,17,4.6,7.2,0.635,0,0.1,0.143,4.6,7.1,0.641,0.636,1.8,2.9,0.626,1.4,2.7,4,1,0.5,0.7,0.9,1.9,11
Devin Harris,TOT,Devin Harris TOT,PG,34,71,1,18.9,2.6,6.4,0.412,1.1,3.2,0.348,1.5,3.2,0.476,0.499,2,2.4,0.835,0.2,1.6,1.8,2.1,0.7,0.2,1.1,2.2,8.4
Jacob Wiley,BRK,Jacob Wiley BRK,PF,23,5,0,6.6,0.2,0.8,0.25,0.2,0.4,0.5,0,0.4,0,0.375,0.2,0.4,0.5,0.4,1.8,2.2,0.4,0.2,0,0,0.8,0.8
Devin Harris,DEN,Devin Harris DEN,PG,34,27,0,19.7,2.6,6.3,0.406,1.3,3.8,0.343,1.3,2.5,0.5,0.509,1.8,2.1,0.845,0.1,1.4,1.6,2.5,0.5,0.1,1,2,8.2
Gary Harris,DEN,Gary Harris DEN,SG,23,67,65,34.4,6.6,13.6,0.485,2.3,5.9,0.396,4.2,7.7,0.553,0.57,2,2.4,0.827,0.6,2.1,2.6,2.9,1.8,0.2,1.8,1.8,17.5
Joe Harris,BRK,Joe Harris BRK,SG,26,78,14,25.3,3.9,8,0.491,1.9,4.6,0.419,2,3.4,0.589,0.612,1.1,1.3,0.827,0.7,2.7,3.3,1.6,0.4,0.3,1.2,2,10.8
Tobias Harris,TOT,Tobias Harris TOT,PF,25,80,80,33.4,7,15.3,0.46,2.3,5.6,0.411,4.7,9.7,0.488,0.535,2.2,2.7,0.829,0.7,4.7,5.5,2.4,0.9,0.4,1.3,2.1,18.6
Daniel Hamilton,OKC,Daniel Hamilton OKC,SG,22,6,0,4.7,0.8,1.8,0.455,0.3,0.8,0.4,0.5,1,0.5,0.545,0,0,,0,0.8,0.8,1.3,0.2,0,0.3,0.3,2
Tobias Harris,LAC,Tobias Harris LAC,PF,25,32,32,34.5,7.6,16,0.473,2.2,5.3,0.414,5.4,10.7,0.501,0.541,2,2.5,0.8,0.7,5.3,6,3.1,1.2,0.6,1.7,2.3,19.3
Xavier Munford,MIL,Xavier Munford MIL,SG,25,6,0,3.5,0.2,1,0.167,0,0.3,0,0.2,0.7,0.25,0.167,0.2,0.3,0.5,0.2,0,0.2,0.7,0.2,0,0.3,0.7,0.5
Andrew Harrison,MEM,Andrew Harrison MEM,PG,23,56,46,23.7,3.2,7.7,0.422,0.8,2.5,0.331,2.4,5.1,0.467,0.477,2.2,2.8,0.78,0.4,1.9,2.3,3.2,0.7,0.5,1.4,2.5,9.5
Shaquille Harrison,PHO,Shaquille Harrison PHO,PG,24,23,2,16.7,2.6,5.4,0.476,0.3,1.1,0.231,2.3,4.3,0.541,0.5,1.2,1.7,0.737,0.4,2.3,2.7,2.4,1.1,0.3,1,1.8,6.6
Josh Hart,LAL,Josh Hart LAL,SG,22,63,23,23.2,2.8,6,0.469,1.2,3.1,0.396,1.6,2.8,0.551,0.573,1,1.5,0.702,0.7,3.5,4.2,1.3,0.7,0.3,0.7,1.7,7.9
Udonis Haslem,MIA,Udonis Haslem MIA,C,37,14,0,5.1,0.2,1.1,0.2,0.1,0.6,0.125,0.1,0.5,0.286,0.233,0.1,0.1,0.5,0.2,0.5,0.7,0.4,0,0.1,0.1,0.2,0.6
Nigel Hayes,TOT,Nigel Hayes TOT,SF,23,9,0,13.6,1.2,3.7,0.333,0.4,1.8,0.25,0.8,1.9,0.412,0.394,0.1,0.3,0.333,0.4,2,2.4,0.7,0.2,0.3,0.2,0.9,3
Nigel Hayes,LAL,Nigel Hayes LAL,SF,23,2,0,5.5,0.5,1.5,0.333,0,1,0,0.5,0.5,1,0.333,0.5,0.5,1,0,0,0,1,0,0,0,0,1.5
Nigel Hayes,TOR,Nigel Hayes TOR,SF,23,2,0,3,1,1,1,1,1,1,0,0,,1.5,0,0,,0,0,0,0,0,0,0.5,0,3
Nik Stauskas,PHI,Nik Stauskas PHI,SG,24,6,0,7.5,0.2,0.7,0.25,0,0.2,0,0.2,0.5,0.333,0.25,0.3,0.3,1,0,0.2,0.2,0.2,0.7,0,0.7,0.5,0.7
Gordon Hayward,BOS,Gordon Hayward BOS,SF,27,1,1,5,1,2,0.5,0,1,0,1,1,1,0.5,0,0,,0,1,1,0,0,0,0,1,2
Okaro White,MIA,Okaro White MIA,PF,25,6,4,13.3,1.2,2.7,0.438,0.7,1.8,0.364,0.5,0.8,0.6,0.563,0.3,0.5,0.667,0.5,1.3,1.8,0.3,0.2,0.2,0.2,1,3.3
James Young,PHI,James Young PHI,SG,22,6,0,10.2,0.8,2.3,0.357,0.5,1.7,0.3,0.3,0.7,0.5,0.464,0.7,1,0.667,0,0.3,0.3,0.3,0,0,0.2,0.7,2.8
John Henson,MIL,John Henson MIL,C,27,76,69,25.9,3.8,6.6,0.572,0,0.1,0.143,3.8,6.5,0.578,0.573,1.2,2.1,0.57,2,4.8,6.8,1.5,0.6,1.4,1.1,2.7,8.8
Juan Hernangomez,DEN,Juan Hernangomez DEN,PF,22,25,3,11.1,1.2,3,0.387,0.6,2,0.28,0.6,1,0.6,0.48,0.4,0.5,0.833,0.7,1.4,2.2,0.5,0.2,0.1,0.4,1,3.3
Willy Hernangomez,TOT,Willy Hernangomez TOT,C,23,48,1,10.3,1.9,3.4,0.555,0.1,0.3,0.417,1.8,3.2,0.566,0.57,1.2,1.9,0.656,1.3,2.5,3.8,0.7,0.4,0.3,0.7,1.3,5.1
MarShon Brooks,MEM,MarShon Brooks MEM,SG,29,7,1,27.6,7.3,14.6,0.5,2.7,4.6,0.594,4.6,10,0.457,0.593,2.9,3.3,0.87,1.1,1.9,3,3.6,1.6,0.4,2.3,0.9,20.1
Willy Hernangomez,CHO,Willy Hernangomez CHO,C,23,22,1,11.9,1.9,3.8,0.506,0.2,0.3,0.571,1.7,3.5,0.5,0.53,2.1,2.8,0.758,1.8,3.5,5.3,0.5,0.5,0.4,0.4,1.5,6.1
Mario Hezonja,ORL,Mario Hezonja ORL,SF,22,75,30,22.1,3.6,8.2,0.442,1.2,3.6,0.337,2.4,4.7,0.523,0.515,1.1,1.4,0.819,0.5,3.2,3.7,1.4,1.1,0.4,1.1,1.8,9.6
Jack Cooley,SAC,Jack Cooley SAC,PF,26,7,0,12.4,1.9,3.9,0.481,0,0,,1.9,3.9,0.481,0.481,2,2.7,0.737,2,2.3,4.3,0.9,0.1,0,0.4,1.9,5.7
Buddy Hield,SAC,Buddy Hield SAC,SG,25,80,12,25.3,5.2,11.7,0.446,2.2,5.1,0.431,3,6.6,0.457,0.54,0.9,1,0.877,0.7,3.2,3.8,1.9,1.1,0.3,1.6,1.9,13.5
Nene Hilario,HOU,Nene Hilario HOU,C,35,52,4,14.6,2.6,4.6,0.569,0,0,0,2.6,4.6,0.574,0.569,1.3,2.1,0.636,1,2.3,3.4,0.9,0.5,0.3,0.7,2.4,6.5
George Hill,TOT,George Hill TOT,PG,31,67,60,27,3.5,7.7,0.46,1.3,3.1,0.415,2.3,4.6,0.49,0.543,1.6,2.1,0.786,0.6,2.1,2.7,2.8,0.9,0.4,1.3,1.9,10
Marshall Plumlee,MIL,Marshall Plumlee MIL,C,25,8,0,6.5,0.1,0.4,0.333,0,0,,0.1,0.4,0.333,0.333,1.5,2,0.75,0.5,1.6,2.1,0.3,0,0.1,0.4,1.3,1.8
George Hill,CLE,George Hill CLE,PG,31,24,24,27.9,3.5,7.8,0.444,1.1,3.2,0.351,2.3,4.6,0.509,0.516,1.4,1.7,0.805,0.8,1.8,2.7,2.8,0.9,0.6,1.2,2.2,9.4
Solomon Hill,NOP,Solomon Hill NOP,SF,26,12,1,15.6,0.9,3.4,0.268,0.3,1.8,0.19,0.6,1.7,0.35,0.317,0.3,0.5,0.5,0.8,2.3,3,1.8,0.6,0.1,0.8,1.8,2.4
Aaron Harrison,DAL,Aaron Harrison DAL,SG,23,9,3,25.9,2.1,7.7,0.275,1,4.8,0.209,1.1,2.9,0.385,0.341,1.4,1.9,0.765,0.4,2.2,2.7,1.2,1,0.2,0.3,3,6.7
Jrue Holiday,NOP,Jrue Holiday NOP,SG,27,81,81,36.1,7.6,15.4,0.494,1.5,4.4,0.337,6.1,11,0.557,0.543,2.3,2.9,0.786,0.8,3.7,4.5,6,1.5,0.8,2.6,2.5,19
Justin Holiday,CHI,Justin Holiday CHI,SG,28,72,72,31.5,4,10.9,0.371,2.2,6.2,0.359,1.8,4.6,0.387,0.474,1.9,2.3,0.823,0.4,3.6,4,2.1,1.1,0.4,1.3,1.9,12.2
Brice Johnson,LAC,Brice Johnson LAC,PF,23,9,0,4.2,0.8,1.2,0.636,0,0.1,0,0.8,1.1,0.7,0.636,0.2,0.2,1,0.2,1.2,1.4,0.1,0.7,0.2,0.4,0.8,1.8
Rondae Hollis-Jefferson,BRK,Rondae Hollis-Jefferson BRK,SF,23,68,59,28.2,5,10.6,0.472,0.2,0.8,0.241,4.8,9.9,0.491,0.481,3.7,4.6,0.788,1.5,5.3,6.8,2.5,1,0.7,1.8,2.1,13.9
Richaun Holmes,PHI,Richaun Holmes PHI,C,24,48,2,15.5,2.8,5,0.56,0.1,0.6,0.129,2.7,4.4,0.624,0.568,0.8,1.2,0.661,1.2,3.2,4.4,1.3,0.4,0.6,0.5,2,6.5
Rodney Hood,TOT,Rodney Hood TOT,SG,25,60,23,26.9,5.4,12.5,0.429,2.1,5.6,0.381,3.3,7,0.467,0.513,1.9,2.2,0.86,0.4,2.4,2.8,1.6,0.8,0.2,1.2,1.8,14.7
Sean Kilpatrick,CHI,Sean Kilpatrick CHI,SG,28,9,1,23.8,5.2,11.9,0.439,2.1,5.3,0.396,3.1,6.6,0.475,0.528,2.9,3.6,0.813,0.3,2.4,2.8,1.4,0.7,0.3,1.3,0.9,15.4
Rodney Hood,CLE,Rodney Hood CLE,SG,25,21,11,25.3,4.2,9.5,0.442,1.2,3.4,0.352,3,6.1,0.492,0.505,1.2,1.5,0.813,0.4,2.2,2.6,1.4,0.7,0.2,0.3,2,10.8
Scotty Hopson,DAL,Scotty Hopson DAL,SG,28,1,0,8,0,1,0,0,0,,0,1,0,0,1,2,0.5,0,0,0,1,0,0,1,0,1
Al Horford,BOS,Al Horford BOS,C,31,72,72,31.6,5.1,10.5,0.489,1.3,3.1,0.429,3.8,7.3,0.514,0.553,1.3,1.7,0.783,1.4,5.9,7.4,4.7,0.6,1.1,1.8,1.9,12.9
Georges Niang,UTA,Georges Niang UTA,PF,24,9,0,3.6,0.4,1.2,0.364,0,0.4,0,0.4,0.8,0.571,0.364,0.1,0.2,0.5,0.3,0.7,1,0.3,0.2,0,0.3,0.1,1
Dwight Howard,CHO,Dwight Howard CHO,C,32,81,81,30.4,6.2,11.2,0.555,0,0.1,0.143,6.2,11.2,0.559,0.556,4.1,7.2,0.574,3.1,9.3,12.5,1.3,0.6,1.6,2.6,3.1,16.6
Josh Huestis,OKC,Josh Huestis OKC,PF,26,69,10,14.2,0.9,2.6,0.33,0.5,1.7,0.287,0.4,1,0.403,0.42,0.1,0.3,0.3,0.6,1.7,2.3,0.3,0.2,0.6,0.4,1.2,2.3
Derrick Rose,MIN,Derrick Rose MIN,PG,29,9,0,12.4,2.6,6,0.426,0.1,0.7,0.167,2.4,5.3,0.458,0.435,0.6,0.6,1,0.3,0.3,0.7,1.2,0.4,0,0.8,0.2,5.8
Vince Hunter,MEM,Vince Hunter MEM,PF,23,4,0,1.8,0.8,1.3,0.6,0,0,,0.8,1.3,0.6,0.6,0,0,,0.5,0.3,0.8,0,0,0.3,0.3,0,1.5
Serge Ibaka,TOR,Serge Ibaka TOR,PF,28,76,76,27.5,5,10.3,0.483,1.4,3.9,0.36,3.6,6.4,0.559,0.552,1.2,1.6,0.797,1,5.3,6.3,0.8,0.4,1.3,1.2,2.8,12.6
Andre Iguodala,GSW,Andre Iguodala GSW,SF,34,64,7,25.3,2.3,5,0.463,0.5,1.8,0.282,1.8,3.2,0.567,0.514,0.9,1.4,0.632,0.8,3.1,3.8,3.3,0.8,0.6,1,1.5,6
Ersan Ilyasova,TOT,Ersan Ilyasova TOT,PF,30,69,43,25.1,4,8.9,0.452,1.3,3.7,0.36,2.7,5.2,0.517,0.526,1.5,2,0.778,1.7,4.2,5.9,1.3,0.9,0.4,1,2.3,10.9
Ersan ?lyasova,ATL,Ersan ?lyasova ATL,PF,30,46,40,25.5,4,8.7,0.459,1.3,3.7,0.359,2.7,5,0.532,0.535,1.6,2,0.8,1.6,3.8,5.5,1.1,1,0.4,0.9,2,10.9
Ersan ?lyasova,PHI,Ersan ?lyasova PHI,PF,30,23,3,24.1,4,9.2,0.439,1.3,3.6,0.361,2.7,5.6,0.488,0.509,1.4,2,0.733,1.9,4.8,6.7,1.7,0.7,0.4,1.3,2.8,10.8
Joe Ingles,UTA,Joe Ingles UTA,SF,30,82,81,31.4,4.1,8.8,0.467,2.5,5.7,0.44,1.6,3.1,0.516,0.609,0.8,1,0.795,0.3,3.9,4.2,4.8,1.1,0.2,1.9,2.2,11.5
Milton Doyle,BRK,Milton Doyle BRK,SG,24,10,0,12.5,1.3,4.7,0.277,0.4,2.3,0.174,0.9,2.4,0.375,0.319,0.4,0.8,0.5,0.3,1.5,1.8,1,0.6,0.2,0.2,1.3,3.4
Brandon Ingram,LAL,Brandon Ingram LAL,SF,20,59,59,33.5,6.1,12.9,0.47,0.7,1.8,0.39,5.4,11.1,0.483,0.497,3.3,4.8,0.681,1,4.4,5.3,3.9,0.8,0.7,2.5,2.8,16.1
Kyrie Irving,BOS,Kyrie Irving BOS,PG,25,60,60,32.2,8.9,18.1,0.491,2.8,6.8,0.408,6.1,11.3,0.541,0.568,3.9,4.4,0.889,0.6,3.2,3.8,5.1,1.1,0.3,2.3,2,24.4
Jonathan Isaac,ORL,Jonathan Isaac ORL,PF,20,27,10,19.9,2,5.4,0.379,0.6,1.7,0.348,1.4,3.7,0.394,0.434,0.7,0.9,0.76,0.6,3.1,3.7,0.7,1.2,1.1,1,1.8,5.4
Wesley Iwundu,ORL,Wesley Iwundu ORL,SF,23,62,12,16.5,1.5,3.5,0.427,0.1,0.7,0.196,1.4,2.8,0.488,0.447,0.5,0.8,0.723,0.6,1.6,2.2,0.9,0.5,0.2,0.5,1.3,3.7
Jarrett Jack,NYK,Jarrett Jack NYK,PG,34,62,56,25,3,7.1,0.427,0.4,1.4,0.291,2.6,5.8,0.459,0.455,1,1.2,0.84,0.4,2.7,3.1,5.6,0.6,0.1,1.9,1.6,7.5
James Webb III,BRK,James Webb III BRK,SF,24,10,0,12,0.6,2.4,0.25,0.4,1.9,0.211,0.2,0.5,0.4,0.333,0,0,,0.8,1.6,2.4,0.4,0.1,0,0.4,1,1.6
Demetrius Jackson,TOT,Demetrius Jackson TOT,PG,23,15,0,5.3,0.5,1.2,0.389,0.1,0.5,0.143,0.4,0.7,0.545,0.417,0.1,0.1,0.5,0.3,0.5,0.8,0.6,0.3,0.1,0.7,0.5,1.1
Demetrius Jackson,HOU,Demetrius Jackson HOU,PG,23,12,0,5.3,0.3,1.2,0.286,0,0.5,0,0.3,0.7,0.5,0.286,0,0,,0.3,0.6,0.9,0.4,0.3,0.1,0.8,0.5,0.7
Johnathan Motley,DAL,Johnathan Motley DAL,PF,22,11,4,16,3.6,6.8,0.533,0.1,0.5,0.167,3.5,6.3,0.565,0.54,1.4,2.5,0.536,1.3,3.2,4.5,0.6,0.3,0.2,0.8,1.6,8.7
Josh Jackson,PHO,Josh Jackson PHO,SF,20,77,35,25.4,5.1,12.1,0.417,0.7,2.8,0.263,4.3,9.3,0.464,0.448,2.3,3.6,0.634,1.2,3.3,4.6,1.5,1,0.5,1.9,2.8,13.1
Justin Jackson,SAC,Justin Jackson SAC,SF,22,68,41,22.1,2.7,6.2,0.442,0.8,2.7,0.308,1.9,3.4,0.547,0.51,0.4,0.5,0.722,0.4,2.4,2.8,1.1,0.4,0.2,0.6,1.2,6.7
Reggie Jackson,DET,Reggie Jackson DET,PG,27,45,45,26.7,5.5,12.8,0.426,1.2,3.8,0.308,4.3,9.1,0.475,0.471,2.5,3,0.836,0.6,2.1,2.8,5.3,0.6,0.1,2.2,1.9,14.6
LeBron James,CLE,LeBron James CLE,PF,33,82,82,36.9,10.5,19.3,0.542,1.8,5,0.367,8.6,14.3,0.603,0.59,4.7,6.5,0.731,1.2,7.5,8.6,9.1,1.4,0.9,4.2,1.7,27.5
Mike James,TOT,Mike James TOT,PG,27,36,10,19.1,3.4,8.9,0.383,0.7,2.7,0.265,2.7,6.2,0.435,0.424,1.8,2.3,0.762,0.4,2.1,2.5,3.5,0.8,0.2,1.4,1.3,9.3
Mike James,PHO,Mike James PHO,PG,27,32,10,20.9,3.8,9.8,0.388,0.8,3,0.268,3,6.7,0.442,0.429,2,2.6,0.762,0.4,2.4,2.8,3.8,0.8,0.2,1.5,1.4,10.4
Shabazz Muhammad,MIL,Shabazz Muhammad MIL,SG,25,11,0,10.6,3.4,6.1,0.552,0.3,0.7,0.375,3.1,5.4,0.576,0.575,1.5,1.7,0.895,0.7,2.1,2.8,0.6,0.4,0.1,0.1,0.6,8.5
Al Jefferson,IND,Al Jefferson IND,C,33,36,1,13.4,3.1,5.8,0.534,0,0.1,0,3.1,5.7,0.541,0.534,0.8,1,0.833,0.8,3.1,4,0.8,0.4,0.6,0.6,1.8,7
Richard Jefferson,DEN,Richard Jefferson DEN,SF,37,20,0,8.2,0.6,1.4,0.444,0.1,0.4,0.286,0.5,1,0.5,0.481,0.2,0.4,0.571,0.1,0.8,0.9,0.8,0.1,0.1,0.3,0.6,1.5
Brandon Jennings,MIL,Brandon Jennings MIL,PG,28,14,0,14.6,1.9,5.1,0.375,0.6,2.4,0.273,1.3,2.8,0.462,0.438,0.7,0.7,1,0.4,1.9,2.2,3.1,0.4,0.3,1.3,0.8,5.2
Jonas Jerebko,UTA,Jonas Jerebko UTA,PF,30,74,19,15.3,2.1,4.6,0.466,0.9,2.1,0.414,1.3,2.5,0.511,0.562,0.6,0.8,0.807,0.7,2.6,3.3,0.6,0.3,0.2,0.4,1.7,5.8
Amir Johnson,PHI,Amir Johnson PHI,C,30,74,18,15.8,1.9,3.5,0.538,0.1,0.4,0.313,1.8,3.1,0.57,0.558,0.7,1.1,0.612,1.7,2.8,4.5,1.6,0.6,0.6,0.7,2.6,4.6
Brice Johnson,TOT,Brice Johnson TOT,PF,23,18,0,5.4,1.1,2.3,0.476,0,0.1,0,1.1,2.3,0.488,0.476,0.2,0.3,0.6,0.5,1.2,1.7,0.1,0.5,0.3,0.3,0.7,2.4
Gary Payton,LAL,Gary Payton LAL,PG,25,11,0,10.5,1.5,3.7,0.415,0.4,1.2,0.308,1.2,2.5,0.464,0.463,0.1,0.5,0.167,0.8,1.6,2.5,1.1,0.4,0.2,0.4,1.2,3.5
Brice Johnson,MEM,Brice Johnson MEM,PF,23,9,0,6.7,1.4,3.4,0.419,0,0,,1.4,3.4,0.419,0.419,0.1,0.3,0.333,0.8,1.2,2,0.1,0.3,0.4,0.1,0.7,3
Dakari Johnson,OKC,Dakari Johnson OKC,C,22,31,6,5.2,0.7,1.3,0.564,0,0,,0.7,1.3,0.564,0.564,0.4,0.6,0.55,0.5,0.6,1.1,0.3,0.2,0.3,0.1,0.9,1.8
James Johnson,MIA,James Johnson MIA,PF,30,73,41,26.6,4.2,8.4,0.503,0.8,2.5,0.308,3.5,5.9,0.587,0.55,1.5,2.2,0.698,0.8,4.1,4.9,3.8,1,0.7,1.9,2.6,10.8
Joe Johnson,TOT,Joe Johnson TOT,SF,36,55,4,21.9,2.7,6.5,0.406,0.7,2.6,0.276,1.9,3.9,0.493,0.461,0.7,0.8,0.889,0.3,2.9,3.1,1.5,0.3,0.1,0.9,1.2,6.8
Jalen Jones,DAL,Jalen Jones DAL,SF,24,12,0,13.5,2.1,5.3,0.391,0.8,2.1,0.36,1.3,3.3,0.41,0.461,0.8,1.4,0.588,1.1,1.8,2.9,0.3,0.4,0.1,0.6,1.7,5.8
Joe Johnson,HOU,Joe Johnson HOU,SF,36,23,1,22,2.2,5.8,0.381,0.7,2.7,0.279,1.5,3.2,0.466,0.444,0.9,0.9,0.952,0.1,2.7,2.8,1.7,0.3,0,0.8,1.5,6
Jabari Bird,BOS,Jabari Bird BOS,SG,23,13,1,8.8,1.2,2,0.577,0.2,0.5,0.429,0.9,1.5,0.632,0.635,0.5,1,0.462,0.5,1,1.5,0.6,0.2,0.1,0.6,0.5,3
Stanley Johnson,DET,Stanley Johnson DET,SF,21,69,50,27.4,3,8.1,0.375,1,3.4,0.286,2.1,4.7,0.439,0.435,1.6,2.1,0.772,0.5,3.2,3.7,1.6,1.4,0.2,1.1,2.4,8.7
Tyler Johnson,MIA,Tyler Johnson MIA,PG,25,72,39,28.5,4.3,9.9,0.435,1.7,4.5,0.367,2.6,5.4,0.491,0.518,1.5,1.8,0.822,0.5,3,3.4,2.3,0.8,0.5,1.1,2.1,11.7
Wesley Johnson,LAC,Wesley Johnson LAC,SF,30,74,40,20.1,2,5,0.408,0.8,2.4,0.339,1.2,2.6,0.471,0.489,0.6,0.8,0.741,0.4,2.5,2.9,0.8,1,0.8,0.7,2,5.4
Nikola Joki?,DEN,Nikola Joki? DEN,C,22,75,73,32.6,6.7,13.5,0.499,1.5,3.7,0.396,5.2,9.7,0.538,0.554,3.5,4.2,0.85,2.6,8.1,10.7,6.1,1.2,0.8,2.8,2.8,18.5
Damian Jones,GSW,Damian Jones GSW,C,22,15,0,5.9,0.7,1.5,0.5,0,0,,0.7,1.5,0.5,0.5,0.2,0.3,0.6,0.3,0.6,0.9,0.1,0.1,0.2,0.3,0.9,1.7
Derrick Jones,TOT,Derrick Jones TOT,SF,20,20,8,12.3,1.1,2.7,0.396,0.2,0.9,0.167,0.9,1.8,0.514,0.425,0.8,1.2,0.667,1.1,0.9,1.9,0.5,0.2,0.7,0.4,1.2,3.1
Derrick Jones,PHO,Derrick Jones PHO,SF,20,6,0,5.5,0.3,0.7,0.5,0,0.3,0,0.3,0.3,1,0.5,0.8,1,0.833,0.3,0.3,0.7,0.5,0.2,0.7,0.2,0.3,1.5
Charles Cooke,NOP,Charles Cooke NOP,SG,23,13,0,2.9,0.2,1.1,0.143,0.1,0.6,0.125,0.1,0.5,0.167,0.179,0.1,0.2,0.5,0,0.2,0.2,0.1,0.1,0,0.1,0,0.5
Jalen Jones,TOT,Jalen Jones TOT,SF,24,16,0,11.3,1.6,4.3,0.382,0.6,1.6,0.385,1,2.6,0.381,0.456,0.8,1.2,0.632,0.8,1.6,2.4,0.3,0.3,0.1,0.4,1.4,4.6
Omer Asik,NOP,Omer Asik NOP,C,31,14,0,8.6,0.5,1.1,0.438,0,0,,0.5,1.1,0.438,0.438,0.3,0.9,0.333,0.5,2.1,2.6,0.1,0.1,0.1,0.4,1,1.3
Lorenzo Brown,TOR,Lorenzo Brown TOR,PG,27,14,0,9.9,1,2.4,0.412,0.1,0.9,0.167,0.9,1.6,0.545,0.441,0.1,0.1,1,0.1,1,1.1,0.9,0.4,0,0.2,0.5,2.3
Tyus Jones,MIN,Tyus Jones MIN,PG,21,82,11,17.9,1.8,4,0.457,0.5,1.6,0.349,1.3,2.4,0.528,0.526,0.9,1,0.877,0.2,1.4,1.6,2.8,1.2,0.1,0.7,1.3,5.1
DeAndre Jordan,LAC,DeAndre Jordan LAC,C,29,77,77,31.5,4.8,7.5,0.645,0,0,,4.8,7.5,0.645,0.645,2.4,4.1,0.58,4.3,10.9,15.2,1.5,0.5,0.9,1.8,2.6,12
Cory Joseph,IND,Cory Joseph IND,PG,26,82,17,27,3.1,7.4,0.424,0.8,2.3,0.353,2.3,5,0.457,0.479,0.9,1.1,0.745,0.5,2.7,3.2,3.2,1,0.2,1.1,1.7,7.9
Frank Kaminsky,CHO,Frank Kaminsky CHO,PF,24,79,4,23.2,3.9,9.1,0.429,1.3,3.5,0.38,2.6,5.6,0.459,0.501,2,2.5,0.799,0.6,3.1,3.6,1.6,0.5,0.2,0.8,1.2,11.1
Enes Kanter,NYK,Enes Kanter NYK,C,25,71,71,25.8,5.9,10,0.592,0,0,0,5.9,10,0.594,0.592,2.2,2.6,0.848,3.8,7.1,11,1.5,0.5,0.5,1.7,2.6,14.1
Luke Kennard,DET,Luke Kennard DET,SG,21,73,9,20,2.8,6.4,0.443,1.1,2.7,0.415,1.7,3.7,0.463,0.53,0.9,1,0.855,0.3,2.1,2.4,1.7,0.6,0.2,0.9,1.2,7.6
Michael Kidd-Gilchrist,CHO,Michael Kidd-Gilchrist CHO,SF,24,74,74,25,3.8,7.6,0.504,0,0,0,3.8,7.5,0.505,0.504,1.6,2.3,0.684,1.1,2.9,4.1,1,0.7,0.4,0.7,1.9,9.2
Sean Kilpatrick,TOT,Sean Kilpatrick TOT,SG,28,52,1,12.3,2.1,5.7,0.374,0.9,2.8,0.319,1.2,2.9,0.427,0.452,1.2,1.4,0.889,0.1,1.6,1.7,0.9,0.3,0.1,0.7,0.6,6.3
Sean Kilpatrick,BRK,Sean Kilpatrick BRK,SG,28,16,0,11.4,1.6,5.4,0.287,0.7,2.7,0.256,0.9,2.8,0.318,0.351,1.1,1.2,0.947,0.1,2.1,2.2,0.9,0.1,0.1,1,0.5,4.9
Sean Kilpatrick,MIL,Sean Kilpatrick MIL,SG,28,23,0,8.9,1.3,3.6,0.378,0.6,2,0.283,0.8,1.6,0.5,0.457,0.8,0.8,0.947,0,1,1.1,0.7,0.2,0,0.4,0.7,4
Sean Kilpatrick,LAC,Sean Kilpatrick LAC,SG,28,4,0,9.5,1.8,4.5,0.389,0.8,1.8,0.429,1,2.8,0.364,0.472,0.5,0.5,1,0,0.5,0.5,0.8,0,0,0.3,0.5,4.8
Darrun Hilliard,SAS,Darrun Hilliard SAS,SG,24,14,0,6.8,0.4,1.4,0.263,0,0.4,0,0.4,0.9,0.385,0.263,0.4,0.5,0.857,0,0.5,0.5,0.8,0.1,0,0.3,0.5,1.1
Maxi Kleber,DAL,Maxi Kleber DAL,PF,26,72,36,16.8,2.1,4.3,0.489,0.6,1.8,0.313,1.5,2.5,0.613,0.553,0.6,0.8,0.746,1,2.3,3.3,0.7,0.4,0.7,0.4,1.6,5.4
Furkan Korkmaz,PHI,Furkan Korkmaz PHI,SG,20,14,0,5.7,0.6,2,0.286,0.4,1.2,0.294,0.2,0.8,0.273,0.375,0.1,0.3,0.5,0.1,0.6,0.8,0.3,0.1,0.1,0.1,0.9,1.6
Derrick Jones,MIA,Derrick Jones MIA,SF,20,14,8,15.1,1.4,3.5,0.388,0.2,1.1,0.188,1.1,2.4,0.485,0.418,0.8,1.3,0.611,1.4,1.1,2.4,0.4,0.2,0.6,0.4,1.6,3.7
Kyle Korver,CLE,Kyle Korver CLE,SG,36,73,4,21.6,3,6.6,0.459,2.2,5.2,0.436,0.8,1.5,0.537,0.628,0.9,1,0.889,0.1,2.1,2.3,1.2,0.4,0.4,0.8,1.8,9.2
Kosta Koufos,SAC,Kosta Koufos SAC,C,28,71,13,19.6,3.1,5.5,0.571,0,0,,3.1,5.5,0.571,0.571,0.5,1,0.446,2.1,4.5,6.6,1.2,0.7,0.5,0.7,2.1,6.7
Kyle Kuzma,LAL,Kyle Kuzma LAL,PF,22,77,37,31.2,6.1,13.5,0.45,2.1,5.6,0.366,4,7.9,0.511,0.527,1.9,2.7,0.707,1.1,5.1,6.3,1.8,0.6,0.4,1.8,2.1,16.1
Mindaugas Kuzminskas,NYK,Mindaugas Kuzminskas NYK,SF,28,1,0,2,0,2,0,0,0,,0,2,0,0,0,0,,0,0,0,0,0,0,0,0,0
Skal Labissiere,SAC,Skal Labissiere SAC,PF,21,60,28,20.7,3.4,7.6,0.448,0.3,0.9,0.353,3.1,6.8,0.459,0.467,1.6,2,0.805,1.7,3.2,4.8,1.2,0.4,0.8,1.2,2.2,8.7
Jeremy Lamb,CHO,Jeremy Lamb CHO,SG,25,80,18,24.6,4.8,10.4,0.457,1.2,3.2,0.37,3.6,7.2,0.495,0.513,2.2,2.6,0.861,0.6,3.4,4.1,2.3,0.8,0.4,1.2,1.7,12.9
Shane Larkin,BOS,Shane Larkin BOS,PG,25,54,2,14.4,1.6,4.1,0.384,0.6,1.6,0.36,1,2.5,0.398,0.454,0.6,0.7,0.865,0.3,1.4,1.7,1.8,0.5,0,0.6,1.1,4.3
Joffrey Lauvergne,SAS,Joffrey Lauvergne SAS,C,26,55,1,9.7,1.8,3.5,0.516,0,0.1,0,1.8,3.4,0.53,0.516,0.5,0.9,0.638,1.1,2,3.1,0.7,0.2,0.1,0.6,0.8,4.1
Zach LaVine,CHI,Zach LaVine CHI,SG,22,24,24,27.3,5.7,14.8,0.383,1.8,5.1,0.341,3.9,9.7,0.405,0.442,3.6,4.5,0.813,0.4,3.5,3.9,3,1,0.2,1.8,2.3,16.7
Jake Layman,POR,Jake Layman POR,SF,23,35,1,4.6,0.4,1.3,0.298,0.1,0.6,0.2,0.3,0.8,0.37,0.34,0.1,0.1,0.667,0.1,0.3,0.5,0.3,0.2,0.1,0.1,0.4,1
T.J. Leaf,IND,T.J. Leaf IND,PF,20,53,0,8.7,1.2,2.6,0.471,0.3,0.8,0.429,0.9,1.8,0.489,0.537,0.2,0.3,0.625,0.5,1,1.5,0.2,0.1,0.1,0.2,0.8,2.9
Courtney Lee,NYK,Courtney Lee NYK,SG,32,76,69,30.4,4.5,9.9,0.454,1.5,3.7,0.406,3,6.3,0.482,0.529,1.5,1.6,0.919,0.4,2.6,2.9,2.4,1.1,0.2,1.1,1.4,12
London Perrantes,CLE,London Perrantes CLE,PG,23,14,0,4.7,0.1,0.9,0.154,0,0.2,0,0.1,0.7,0.2,0.154,0.2,0.4,0.6,0.1,0.2,0.3,0.4,0.1,0.1,0.1,0.4,0.5
"Walt Lemon, Jr.",NOP,"Walt Lemon, Jr. NOP",PG,25,5,0,7,1.4,3.2,0.438,0.2,0.2,1,1.2,3,0.4,0.469,0.4,0.6,0.667,0,0.4,0.4,1,0,0.2,0.8,1,3.4
Alex Len,PHO,Alex Len PHO,C,24,69,13,20.2,3.1,5.5,0.566,0,0,0.333,3.1,5.4,0.568,0.567,2.3,3.3,0.684,2.5,5,7.5,1.2,0.4,0.9,1.1,2.3,8.5
Kawhi Leonard,SAS,Kawhi Leonard SAS,SF,26,9,9,23.3,5.8,12.3,0.468,1.2,3.9,0.314,4.6,8.4,0.539,0.518,3.4,4.2,0.816,0.7,4,4.7,2.3,2,1,1.8,1,16.2
Meyers Leonard,POR,Meyers Leonard POR,C,25,33,2,7.7,1.4,2.4,0.59,0.3,0.8,0.423,1.1,1.6,0.673,0.66,0.3,0.3,0.818,0.4,1.8,2.1,0.5,0.2,0,0.3,1.1,3.4
Jon Leuer,DET,Jon Leuer DET,PF,28,8,0,17,1.9,4.5,0.417,0,0.4,0,1.9,4.1,0.455,0.417,1.6,1.9,0.867,0.9,3.1,4,0.6,0.1,0.4,0.9,2,5.4
Caris LeVert,BRK,Caris LeVert BRK,SF,23,71,10,26.3,4.5,10.4,0.435,1.2,3.5,0.347,3.3,6.9,0.48,0.493,1.9,2.6,0.711,0.7,2.9,3.7,4.2,1.2,0.3,2.2,2.2,12.1
DeAndre Liggins,TOT,DeAndre Liggins TOT,SG,29,58,4,12.5,0.7,1.8,0.377,0.3,0.9,0.358,0.4,0.9,0.396,0.467,0,0.1,0.4,0.1,1.2,1.3,0.8,0.6,0.2,0.3,1.4,1.7
DeAndre Liggins,MIL,DeAndre Liggins MIL,SG,29,31,1,15.5,0.7,2.1,0.338,0.4,1.2,0.306,0.4,0.9,0.379,0.423,0.1,0.2,0.4,0.2,1.4,1.6,0.9,0.9,0.3,0.4,2,1.8
DeAndre Liggins,NOP,DeAndre Liggins NOP,SG,29,27,3,9,0.7,1.5,0.439,0.3,0.6,0.471,0.4,0.9,0.417,0.537,0,0,,0.1,0.9,1,0.8,0.4,0.1,0.3,0.7,1.6
Damian Lillard,POR,Damian Lillard POR,PG,27,73,73,36.6,8.5,19.4,0.439,3.1,8.6,0.361,5.4,10.8,0.501,0.519,6.8,7.4,0.916,0.8,3.6,4.5,6.6,1.1,0.4,2.8,1.6,26.9
Jeremy Lin,BRK,Jeremy Lin BRK,PG,29,1,1,25,5,12,0.417,1,2,0.5,4,10,0.4,0.458,7,7,1,0,0,0,4,0,0,3,3,18
Shaun Livingston,GSW,Shaun Livingston GSW,PG,32,71,7,15.9,2.4,4.8,0.501,0,0.1,0,2.4,4.8,0.509,0.501,0.7,0.9,0.82,0.5,1.4,1.8,2,0.5,0.3,0.8,1.6,5.5
Kevon Looney,GSW,Kevon Looney GSW,C,21,66,4,13.8,1.7,2.9,0.58,0,0.1,0.2,1.7,2.8,0.59,0.583,0.6,1.2,0.545,1.3,2,3.3,0.6,0.5,0.8,0.5,1.6,4
Brook Lopez,LAL,Brook Lopez LAL,C,29,74,72,23.4,5,10.7,0.465,1.5,4.4,0.345,3.5,6.3,0.549,0.536,1.5,2.1,0.703,1,3,4,1.7,0.4,1.3,1.3,2.6,13
Robin Lopez,CHI,Robin Lopez CHI,C,29,64,64,26.4,5.3,10.1,0.53,0.1,0.2,0.286,5.3,9.9,0.536,0.533,1.1,1.4,0.756,2.1,2.4,4.5,1.9,0.2,0.8,1.7,1.7,11.8
Kevin Love,CLE,Kevin Love CLE,C,29,59,59,28,5.7,12.4,0.458,2.3,5.6,0.415,3.3,6.8,0.494,0.552,4,4.5,0.88,1.7,7.5,9.3,1.7,0.7,0.4,1.5,2,17.6
Kyle Lowry,TOR,Kyle Lowry TOR,PG,31,78,78,32.2,5.2,12.1,0.427,3.1,7.6,0.399,2.1,4.5,0.474,0.553,2.9,3.3,0.854,0.8,4.7,5.6,6.9,1.1,0.2,2.3,2.5,16.2
Timothe Luwawu-Cabarrot,PHI,Timothe Luwawu-Cabarrot PHI,SF,22,52,7,15.5,1.9,5.1,0.375,1,3,0.335,0.9,2.1,0.431,0.474,0.9,1.1,0.793,0.3,1.1,1.4,1,0.2,0.1,0.7,1.9,5.8
Tyler Lydon,DEN,Tyler Lydon DEN,PF,21,1,0,2,0,0,,0,0,,0,0,,,0,0,,0,0,0,0,0,0,0,0,0
Trey Lyles,DEN,Trey Lyles DEN,PF,22,73,2,19.1,3.7,7.5,0.491,1.1,3,0.381,2.6,4.5,0.563,0.566,1.4,2,0.706,0.8,4,4.8,1.2,0.4,0.5,0.8,1.5,9.9
Shelvin Mack,ORL,Shelvin Mack ORL,PG,27,69,3,19.8,2.6,6,0.43,0.7,2,0.345,1.9,4,0.473,0.488,1,1.4,0.711,0.3,2.1,2.4,3.9,0.8,0.1,1.3,1.3,6.9
Iman Shumpert,CLE,Iman Shumpert CLE,SG,27,14,6,19.7,1.6,4.1,0.379,0.5,1.9,0.269,1.1,2.3,0.469,0.44,0.8,1.1,0.733,0.5,2.4,2.9,1.2,0.6,0.3,1.1,1.6,4.4
Ian Mahinmi,WAS,Ian Mahinmi WAS,C,31,77,0,14.9,1.8,3.2,0.556,0,0,0,1.8,3.2,0.561,0.556,1.2,1.7,0.703,1.8,2.3,4.1,0.7,0.5,0.5,1.3,3,4.8
Thon Maker,MIL,Thon Maker MIL,C,20,74,12,16.7,1.8,4.3,0.411,0.4,1.4,0.298,1.3,2.9,0.467,0.46,0.9,1.3,0.699,1,2,3,0.6,0.5,0.7,0.6,2.2,4.8
Boban Marjanovic,TOT,Boban Marjanovic TOT,C,29,39,1,8.6,2,3.8,0.534,0,0,,2,3.8,0.534,0.534,2,2.5,0.794,1.2,2.5,3.7,0.6,0.3,0.3,0.9,1.3,6
Jamel Artis,ORL,Jamel Artis ORL,SG,25,15,1,18.6,2.1,5.3,0.392,0.5,1.9,0.276,1.5,3.3,0.46,0.443,0.5,0.8,0.583,0.3,2.3,2.5,1.2,0.1,0.2,0.5,0.7,5.1
Boban Marjanovi?,LAC,Boban Marjanovi? LAC,C,29,20,0,8.3,1.9,3.5,0.551,0,0,,1.9,3.5,0.551,0.551,2.1,2.6,0.788,1.7,2.7,4.4,0.4,0.3,0.3,0.7,1.2,5.9
Lauri Markkanen,CHI,Lauri Markkanen CHI,PF,20,68,68,29.7,5.5,12.7,0.434,2.1,5.9,0.362,3.4,6.8,0.497,0.518,2.1,2.4,0.843,1.2,6.3,7.5,1.2,0.6,0.6,1.2,1.5,15.2
Jarell Martin,MEM,Jarell Martin MEM,PF,23,73,36,22.8,3,6.8,0.446,0.5,1.3,0.347,2.6,5.5,0.47,0.48,1.2,1.6,0.767,1.3,3,4.4,1,0.5,0.7,1.2,2.9,7.7
Frank Mason,SAC,Frank Mason SAC,PG,23,52,2,18.9,2.8,7.3,0.379,0.6,1.7,0.36,2.2,5.7,0.384,0.42,1.8,2.2,0.817,0.6,1.9,2.5,2.8,0.7,0.2,1.3,1.4,7.9
Damion Lee,ATL,Damion Lee ATL,SG,25,15,11,26.9,4.1,10.1,0.408,1,4,0.25,3.1,6.1,0.511,0.457,1.5,1.9,0.759,0.7,4,4.7,1.9,1.3,0.1,0.9,1.7,10.7
Wesley Matthews,DAL,Wesley Matthews DAL,SF,31,63,62,33.8,4.5,11.1,0.406,2.4,6.4,0.381,2.1,4.7,0.441,0.516,1.3,1.6,0.822,0.4,2.7,3.1,2.7,1.2,0.3,1.3,2.2,12.7
Luc Mbah a Moute,HOU,Luc Mbah a Moute HOU,PF,31,61,15,25.6,2.7,5.7,0.481,1,2.8,0.364,1.7,2.8,0.599,0.572,1.1,1.6,0.684,0.4,2.7,3,0.9,1.2,0.4,1.1,1.6,7.5
James Michael McAdoo,PHI,James Michael McAdoo PHI,PF,25,3,0,6,0.7,2.3,0.286,0.7,2.3,0.286,0,0,,0.429,0.7,0.7,1,0,0.7,0.7,0,0,0.3,0.3,0.3,2.7
Patrick McCaw,GSW,Patrick McCaw GSW,SG,22,57,10,16.9,1.6,3.9,0.409,0.3,1.4,0.238,1.3,2.5,0.503,0.451,0.5,0.6,0.765,0.3,1.2,1.4,1.4,0.8,0.2,0.7,1.2,4
C.J. McCollum,POR,C.J. McCollum POR,SG,26,81,81,36.1,8.2,18.6,0.443,2.3,5.9,0.397,5.9,12.7,0.465,0.506,2.6,3.1,0.836,0.7,3.3,4,3.4,1,0.4,1.9,2.1,21.4
T.J. McConnell,PHI,T.J. McConnell PHI,PG,25,76,1,22.4,2.8,5.5,0.499,0.4,0.8,0.435,2.4,4.7,0.51,0.531,0.4,0.5,0.795,0.5,2.5,3,4,1.2,0.2,1.5,1.6,6.3
Malcolm Miller,TOR,Malcolm Miller TOR,SF,24,15,4,8.4,0.9,1.9,0.464,0.5,1.4,0.381,0.3,0.5,0.714,0.607,0.3,0.3,1,0.3,0.7,1,0.2,0.1,0.1,0.3,0.7,2.5
Chris McCullough,WAS,Chris McCullough WAS,PF,22,19,0,4.7,0.9,2.2,0.429,0.1,0.4,0.125,0.9,1.8,0.5,0.44,0.5,0.7,0.643,0.4,0.9,1.3,0.2,0,0.3,0.1,0.4,2.4
Doug McDermott,TOT,Doug McDermott TOT,SF,26,81,4,21.8,2.9,6.3,0.467,1.1,2.7,0.426,1.8,3.6,0.497,0.557,0.8,1,0.79,0.5,2,2.5,1,0.2,0.2,0.7,1.5,7.8
Isaiah Thomas,CLE,Isaiah Thomas CLE,PG,28,15,14,27.1,4.7,12.9,0.361,1.5,5.8,0.253,3.2,7.1,0.449,0.418,3.9,4.5,0.868,0.5,1.6,2.1,4.5,0.6,0.1,2.7,1.7,14.7
Doug McDermott,DAL,Doug McDermott DAL,SF,26,26,3,22.9,3.3,6.9,0.478,1.5,3,0.494,1.8,3.9,0.465,0.586,0.9,1.1,0.857,0.3,2.3,2.5,1.1,0.3,0.2,0.8,1.9,9
JaVale McGee,GSW,JaVale McGee GSW,C,30,65,17,9.5,2.1,3.4,0.621,0,0.1,0,2.1,3.3,0.638,0.621,0.6,0.8,0.731,0.9,1.7,2.6,0.5,0.3,0.9,0.4,1.4,4.8
Rodney McGruder,MIA,Rodney McGruder MIA,SG,26,18,2,16.6,2,4.1,0.493,0.8,1.9,0.429,1.2,2.1,0.553,0.596,0.2,0.4,0.5,0.6,1.2,1.8,0.9,0.4,0.2,0.2,1.2,5.1
Trey McKinney-Jones,IND,Trey McKinney-Jones IND,SG,27,1,0,1,0,0,,0,0,,0,0,,,0,0,,0,0,0,0,0,0,0,0,0
Alfonzo McKinnie,TOR,Alfonzo McKinnie TOR,SF,25,14,0,3.8,0.6,1.1,0.533,0.2,0.6,0.333,0.4,0.4,0.833,0.633,0.1,0.2,0.667,0.1,0.4,0.5,0.1,0.1,0.1,0.2,0.6,1.5
Ben McLemore,MEM,Ben McLemore MEM,SG,24,56,17,19.5,2.8,6.7,0.421,1,2.8,0.346,1.8,3.8,0.477,0.495,0.9,1.1,0.828,0.6,1.9,2.5,0.9,0.7,0.3,1.1,2.5,7.5
Josh McRoberts,DAL,Josh McRoberts DAL,PF,30,2,0,3,0,0.5,0,0,0.5,0,0,0,,0,0,0,,0,0,0,0,0,0,0,1,0
Jodie Meeks,WAS,Jodie Meeks WAS,SG,30,77,0,14.5,2,5.1,0.399,0.9,2.7,0.343,1.1,2.4,0.464,0.491,1.3,1.5,0.863,0.2,1.4,1.6,0.9,0.4,0.1,0.5,0.7,6.3
Salah Mejri,DAL,Salah Mejri DAL,C,31,61,1,12,1.4,2.2,0.642,0,0,0,1.4,2.2,0.657,0.642,0.6,1.1,0.576,1.4,2.6,4,0.6,0.4,1.1,0.6,2,3.5
Jordan Mickey,MIA,Jordan Mickey MIA,PF,23,23,3,12.3,1.7,3.6,0.476,0.1,0.7,0.125,1.6,2.9,0.561,0.488,0.6,0.8,0.684,0.8,2.7,3.5,0.4,0.3,0.4,0.8,1.6,4
Khris Middleton,MIL,Khris Middleton MIL,SF,26,82,82,36.4,7.2,15.5,0.466,1.8,5,0.359,5.5,10.5,0.517,0.524,3.9,4.4,0.884,0.5,4.7,5.2,4,1.5,0.3,2.3,3.3,20.1
C.J. Miles,TOR,C.J. Miles TOR,SF,30,70,3,19.1,3.2,8.6,0.379,2.3,6.5,0.361,0.9,2.1,0.434,0.516,1.2,1.4,0.835,0.3,1.9,2.2,0.8,0.5,0.3,0.6,1.9,10
Darius Miller,NOP,Darius Miller NOP,SF,27,82,3,23.7,2.6,5.9,0.444,1.8,4.4,0.411,0.8,1.6,0.535,0.594,0.7,0.8,0.866,0.2,1.8,2,1.4,0.3,0.2,0.7,2,7.8
Andrew White,ATL,Andrew White ATL,SF,24,15,0,13.9,1.7,4.9,0.342,1.2,3.3,0.367,0.5,1.6,0.292,0.466,0.1,0.3,0.25,0.3,2,2.3,0.4,0.2,0.1,0.5,0.8,4.6
Patty Mills,SAS,Patty Mills SAS,PG,29,82,36,25.7,3.4,8.3,0.411,1.9,5,0.372,1.5,3.3,0.47,0.523,1.3,1.4,0.89,0.3,1.6,1.9,2.8,0.7,0.1,1.3,1.6,10
Paul Millsap,DEN,Paul Millsap DEN,PF,32,38,37,30.1,5.3,11.4,0.464,1,3,0.345,4.3,8.5,0.506,0.509,2.9,4.2,0.696,1.7,4.7,6.4,2.8,1,1.2,1.9,2.6,14.6
Nikola Mirotic,TOT,Nikola Mirotic TOT,PF,26,55,14,27.2,5.6,12.4,0.447,2.5,6.5,0.377,3.1,5.9,0.525,0.546,2,2.5,0.818,1.1,6.3,7.4,1.5,0.8,0.7,1.1,2,15.6
Derrick Rose,CLE,Derrick Rose CLE,PG,29,16,7,19.3,3.6,8.3,0.439,0.4,1.5,0.25,3.3,6.8,0.481,0.462,2.2,2.6,0.854,0.6,1.2,1.8,1.6,0.2,0.3,1.8,0.9,9.8
Nikola Miroti?,NOP,Nikola Miroti? NOP,PF,26,30,11,29.1,5.4,12.7,0.427,2.2,6.6,0.335,3.2,6.2,0.524,0.513,1.6,1.9,0.81,1.4,6.8,8.2,1.4,1,0.9,1,2.1,14.6
Donovan Mitchell,UTA,Donovan Mitchell UTA,SG,21,79,71,33.4,7.5,17.2,0.437,2.4,7,0.34,5.2,10.3,0.502,0.506,3,3.8,0.805,0.7,3.1,3.7,3.7,1.5,0.3,2.7,2.7,20.5
Naz Mitrou-Long,UTA,Naz Mitrou-Long UTA,SG,24,1,0,1,1,1,1,1,1,1,0,0,,1.5,0,0,,0,0,0,0,0,0,0,0,3
Malik Monk,CHO,Malik Monk CHO,SG,19,63,0,13.6,2.4,6.7,0.36,1.3,3.9,0.342,1.1,2.9,0.385,0.458,0.5,0.6,0.842,0.1,0.9,1,1.4,0.3,0.1,0.8,1,6.7
Greg Monroe,TOT,Greg Monroe TOT,C,27,51,14,20.4,4.3,7.6,0.565,0,0,,4.3,7.6,0.565,0.565,1.7,2.3,0.739,2.1,4.7,6.9,2.2,0.9,0.5,1.8,1.9,10.3
Derrick Walton,MIA,Derrick Walton MIA,PG,22,16,0,9.2,0.5,1.6,0.32,0.4,1.1,0.412,0.1,0.5,0.125,0.46,0.4,0.4,1,0.1,0.9,1,1,0.4,0.2,0.1,0.4,1.8
Greg Monroe,PHO,Greg Monroe PHO,C,27,20,14,23.3,4.9,7.8,0.626,0,0,,4.9,7.8,0.626,0.626,1.6,2.3,0.674,2.5,5.5,8,2.5,0.8,0.3,2,2,11.3
Greg Monroe,BOS,Greg Monroe BOS,C,27,26,0,19.1,4,7.6,0.53,0,0,,4,7.6,0.53,0.53,2.1,2.7,0.797,2,4.3,6.3,2.3,1.1,0.7,1.8,1.8,10.2
Luis Montero,DET,Luis Montero DET,SG,24,2,0,4,0,0.5,0,0,0,,0,0.5,0,0,0,0,,0,1,1,0,0,0,1,0,0
Trevor Booker,IND,Trevor Booker IND,PF,30,17,1,15.8,2.3,4.9,0.464,0.2,0.8,0.214,2.1,4.1,0.514,0.482,0.6,0.6,0.909,1.9,2.6,4.5,1,0.2,0.3,0.5,1.5,5.4
E'Twaun Moore,NOP,E'Twaun Moore NOP,SG,28,82,80,31.5,5.2,10.1,0.508,1.6,3.7,0.425,3.6,6.5,0.556,0.585,0.6,0.8,0.706,0.7,2.2,2.9,2.3,1,0.1,1.2,2.2,12.5
Eric Moreland,DET,Eric Moreland DET,PF,26,67,3,12,1,1.8,0.541,0,0,,1,1.8,0.541,0.541,0.2,0.4,0.379,1.2,2.9,4.1,1.2,0.5,0.8,0.6,1.7,2.1
Jaylen Morris,ATL,Jaylen Morris ATL,SG,22,6,0,16.3,2.2,5.3,0.406,0.3,1.7,0.2,1.8,3.7,0.5,0.438,0,0,,0.3,2.3,2.7,1.2,0.3,0.2,1,0.3,4.7
Marcus Morris,BOS,Marcus Morris BOS,PF,28,54,21,26.8,4.9,11.3,0.429,1.6,4.3,0.368,3.3,7,0.467,0.499,2.3,2.9,0.805,0.8,4.6,5.4,1.3,0.6,0.2,1.2,1.9,13.6
Markieff Morris,WAS,Markieff Morris WAS,PF,28,73,73,27,4.5,9.4,0.48,1,2.8,0.367,3.5,6.6,0.529,0.536,1.4,1.8,0.82,1,4.6,5.6,1.9,0.8,0.5,1.7,3,11.5
Kadeem Allen,BOS,Kadeem Allen BOS,PG,25,18,1,5.9,0.3,1.2,0.273,0,0.6,0,0.3,0.6,0.545,0.273,0.4,0.5,0.778,0.2,0.4,0.6,0.7,0.2,0.1,0.5,0.8,1.1
Trevor Booker,BRK,Trevor Booker BRK,PF,30,18,6,21.9,4.3,8.3,0.513,0.2,0.7,0.25,4.1,7.7,0.536,0.523,1.3,2.4,0.558,2.1,4.5,6.6,2.1,0.4,0.3,1.7,2.4,10.1
Timofey Mozgov,BRK,Timofey Mozgov BRK,C,31,31,13,11.6,1.7,3,0.559,0.1,0.6,0.222,1.5,2.4,0.64,0.581,0.7,1,0.767,1,2.1,3.2,0.4,0.2,0.4,1.1,1.3,4.2
Emmanuel Mudiay,TOT,Emmanuel Mudiay TOT,PG,21,64,14,19.5,3.2,8.2,0.388,0.7,2.3,0.318,2.5,5.9,0.415,0.433,1.5,2,0.76,0.4,2,2.4,3.2,0.6,0.2,1.8,1.3,8.6
Corey Brewer,OKC,Corey Brewer OKC,SG,31,18,16,28.6,3.6,8,0.444,1.3,3.7,0.343,2.3,4.3,0.532,0.524,1.7,2.2,0.795,1.1,2.3,3.4,1.3,2.1,0.3,0.6,3.1,10.1
Emmanuel Mudiay,NYK,Emmanuel Mudiay NYK,PG,21,22,14,22.4,3.4,9.3,0.368,0.4,2.1,0.196,3,7.2,0.418,0.39,1.6,2.3,0.686,0.5,2.2,2.6,3.9,0.9,0.3,1.9,1.5,8.8
Shabazz Muhammad,TOT,Shabazz Muhammad TOT,SF-SG,25,43,2,9.7,2,4.4,0.447,0.2,0.6,0.259,1.8,3.7,0.478,0.465,0.9,1.2,0.78,0.5,1.2,1.8,0.3,0.2,0.1,0.1,0.7,5
Shabazz Muhammad,MIN,Shabazz Muhammad MIN,SF,25,32,2,9.4,1.5,3.8,0.388,0.1,0.6,0.211,1.3,3.2,0.422,0.405,0.7,1,0.71,0.5,0.9,1.4,0.2,0.2,0.1,0.2,0.7,3.8
Isaiah Hicks,NYK,Isaiah Hicks NYK,PF,23,18,0,13.3,1.8,4,0.458,0.1,0.5,0.222,1.7,3.5,0.492,0.472,0.7,1,0.667,0.6,1.7,2.3,0.9,0.1,0.2,0.9,2.5,4.4
Josh Magette,ATL,Josh Magette ATL,PG,28,18,0,12,0.8,2.6,0.326,0.4,1.2,0.364,0.4,1.3,0.292,0.413,0.4,0.4,1,0.1,0.9,1.1,3.2,0.4,0.1,0.5,0.9,2.6
Dejounte Murray,SAS,Dejounte Murray SAS,PG,21,81,48,21.5,3.3,7.5,0.443,0.1,0.4,0.265,3.2,7.1,0.454,0.451,1.3,1.8,0.709,1.4,4.3,5.7,2.9,1.2,0.4,1.7,1.9,8.1
Jamal Murray,DEN,Jamal Murray DEN,PG,20,81,80,31.7,5.9,13.1,0.451,2,5.4,0.378,3.9,7.7,0.502,0.529,2.8,3.1,0.905,1,2.7,3.7,3.4,1,0.3,2.1,2.1,16.7
Mike Muscala,ATL,Mike Muscala ATL,C,26,53,7,20,2.7,5.9,0.458,1.2,3.2,0.371,1.5,2.7,0.559,0.558,1.1,1.2,0.919,1.1,3.3,4.3,1,0.6,0.5,0.8,1.5,7.6
Abdel Nader,BOS,Abdel Nader BOS,SF,24,48,1,10.9,1,3.1,0.336,0.5,1.4,0.354,0.6,1.8,0.321,0.413,0.5,0.8,0.59,0.3,1.2,1.5,0.5,0.3,0.2,0.7,0.9,3
Larry Nance,TOT,Larry Nance TOT,C,25,66,27,21.5,3.6,6.3,0.581,0,0.2,0.167,3.6,6.1,0.594,0.584,1.4,2.1,0.664,2.4,4.4,6.8,1.2,1.3,0.6,0.8,2.6,8.7
Antonio Blakeney,CHI,Antonio Blakeney CHI,SG,21,19,0,16.5,2.8,7.5,0.371,0.8,2.7,0.288,2,4.8,0.418,0.423,1.6,2.1,0.769,0.2,1.5,1.7,1.1,0.4,0.1,0.6,1,7.9
Larry Nance,CLE,Larry Nance CLE,C,25,24,10,20.8,3.7,6.7,0.55,0,0.3,0.125,3.6,6.3,0.572,0.553,1.5,2.1,0.72,2.2,4.8,7,1,1.2,0.8,0.4,2.5,8.9
Shabazz Napier,POR,Shabazz Napier POR,PG,26,74,10,20.7,3,7.2,0.42,1.1,2.9,0.376,1.9,4.2,0.45,0.497,1.6,1.9,0.841,0.4,1.9,2.3,2,1.1,0.2,1.2,1.1,8.7
Jameer Nelson,TOT,Jameer Nelson TOT,PG,35,50,0,20.3,1.9,4.9,0.389,0.8,2.5,0.331,1.1,2.4,0.45,0.473,0.3,0.4,0.8,0.3,1.8,2.1,3.6,0.5,0.1,1.3,1.6,4.9
Boban Marjanovic,DET,Boban Marjanovic DET,C,29,19,1,9,2.2,4.2,0.519,0,0,,2.2,4.2,0.519,0.519,1.9,2.4,0.8,0.8,2.2,3,0.7,0.2,0.3,1.2,1.5,6.2
Jameer Nelson,DET,Jameer Nelson DET,PG,35,7,0,16.6,1.6,5.6,0.282,0.1,2,0.071,1.4,3.6,0.4,0.295,0.4,0.4,1,0.3,0.9,1.1,3.3,0.6,0.1,1.6,2,3.7
Raul Neto,UTA,Raul Neto UTA,PG,25,41,0,12.1,1.7,3.7,0.457,0.5,1.1,0.404,1.2,2.5,0.481,0.52,0.6,0.9,0.743,0.2,1,1.2,1.8,0.3,0.1,0.9,0.9,4.5
Myke Henry,MEM,Myke Henry MEM,SF,25,20,0,18.9,2.1,5.5,0.376,1,2.9,0.328,1.1,2.6,0.431,0.463,0.3,0.5,0.6,0.5,1.4,1.9,1.1,1.6,0.3,1,1.4,5.4
Joakim Noah,NYK,Joakim Noah NYK,C,32,7,0,5.7,0.7,1.4,0.5,0,0,,0.7,1.4,0.5,0.5,0.3,0.6,0.5,0.9,1.1,2,0.6,0.3,0.3,0.6,0.7,1.7
Nerlens Noel,DAL,Nerlens Noel DAL,C,23,30,6,15.7,1.8,3.5,0.524,0,0,0,1.8,3.5,0.529,0.524,0.7,0.9,0.75,1.6,4,5.6,0.7,1,0.7,0.9,2,4.4
Lucas Nogueira,TOR,Lucas Nogueira TOR,C,25,49,3,8.5,1,1.6,0.613,0.1,0.4,0.263,0.9,1.2,0.721,0.644,0.4,0.6,0.679,0.4,1.4,1.8,0.4,0.5,0.9,0.3,1,2.5
Dirk Nowitzki,DAL,Dirk Nowitzki DAL,C,39,77,77,24.7,4.5,9.8,0.456,1.8,4.4,0.409,2.7,5.5,0.494,0.547,1.3,1.4,0.898,0.3,5.4,5.7,1.6,0.6,0.6,0.7,1.9,12
Frank Ntilikina,NYK,Frank Ntilikina NYK,PG,19,78,9,21.9,2.3,6.4,0.364,0.6,2,0.318,1.7,4.4,0.385,0.414,0.6,0.9,0.721,0.5,1.8,2.3,3.2,0.8,0.2,1.7,2.3,5.9
Jusuf Nurki?,POR,Jusuf Nurki? POR,C,23,79,79,26.4,6.1,12,0.505,0,0.1,0,6.1,11.9,0.508,0.505,2.2,3.5,0.63,2.4,6.6,9,1.8,0.8,1.4,2.3,3.1,14.3
David Nwaba,CHI,David Nwaba CHI,SG,25,70,21,23.5,2.9,6,0.478,0.3,0.7,0.346,2.6,5.3,0.496,0.499,1.9,2.9,0.655,1.3,3.4,4.7,1.5,0.8,0.4,1.1,2.3,7.9
Luke Kornet,NYK,Luke Kornet NYK,PF,22,20,1,16.3,2.5,6.3,0.392,1.4,4,0.354,1.1,2.3,0.457,0.504,0.4,0.6,0.727,0.6,2.7,3.2,1.3,0.3,0.8,0.6,1.4,6.7
Royce O'Neale,UTA,Royce O'Neale UTA,SF,24,69,4,16.7,1.7,4.1,0.423,0.6,1.7,0.356,1.1,2.4,0.47,0.496,0.9,1.1,0.803,0.4,3.1,3.4,1.4,0.5,0.2,0.8,1.5,5
Kyle O'Quinn,NYK,Kyle O'Quinn NYK,C,27,77,10,18,2.9,5,0.583,0.1,0.2,0.235,2.9,4.8,0.599,0.589,1.3,1.6,0.772,1.6,4.5,6.1,2.1,0.5,1.3,1.3,2.5,7.1
Semi Ojeleye,BOS,Semi Ojeleye BOS,PF,23,73,0,15.8,0.9,2.6,0.346,0.5,1.7,0.32,0.3,0.9,0.397,0.452,0.3,0.6,0.61,0.5,1.7,2.2,0.3,0.3,0.1,0.3,1.2,2.7
Emeka Okafor,NOP,Emeka Okafor NOP,C,35,26,19,13.6,1.8,3.7,0.505,0,0,,1.8,3.7,0.505,0.505,0.7,0.8,0.818,1.8,2.8,4.6,0.3,0.3,1,0.5,1.2,4.4
Jahlil Okafor,TOT,Jahlil Okafor TOT,C,22,28,0,12.6,2.8,4.9,0.558,0,0.1,0.25,2.7,4.8,0.567,0.562,0.8,1,0.724,0.8,2.3,3,0.4,0.1,0.6,0.8,1.8,6.3
Alec Peters,PHO,Alec Peters PHO,PF,22,20,0,11.3,1.4,3.7,0.378,0.9,2.9,0.31,0.5,0.8,0.625,0.5,0.4,0.5,0.8,0.4,1.5,1.9,0.6,0.1,0.1,0.2,0.7,4.1
Jahlil Okafor,BRK,Jahlil Okafor BRK,C,22,26,0,12.6,2.8,5,0.566,0,0.2,0.25,2.8,4.8,0.576,0.57,0.7,1,0.76,0.7,2.3,2.9,0.4,0.1,0.6,0.7,1.7,6.4
Victor Oladipo,IND,Victor Oladipo IND,SG,25,75,75,34,8.5,17.9,0.477,2.1,5.8,0.371,6.4,12.1,0.528,0.537,3.9,4.9,0.799,0.6,4.6,5.2,4.3,2.4,0.8,2.9,2.3,23.1
Kelly Olynyk,MIA,Kelly Olynyk MIA,PF,26,76,22,23.4,4.2,8.4,0.497,1.4,3.7,0.379,2.8,4.7,0.59,0.58,1.8,2.3,0.77,1.2,4.5,5.7,2.7,0.8,0.5,1.9,2.9,11.5
Chinanu Onuaku,HOU,Chinanu Onuaku HOU,C,21,1,0,22,2,5,0.4,0,0,,2,5,0.4,0.4,0,0,,1,3,4,1,0,0,3,4,4
Cedi Osman,CLE,Cedi Osman CLE,SF,22,61,12,11,1.5,3,0.484,0.5,1.4,0.368,1,1.6,0.586,0.57,0.4,0.8,0.565,0.3,1.7,2,0.7,0.4,0,0.5,1.3,3.9
Kelly Oubre,WAS,Kelly Oubre WAS,SF,22,81,11,27.5,3.9,9.8,0.403,1.6,4.6,0.341,2.4,5.2,0.456,0.482,2.4,2.9,0.82,0.7,3.8,4.5,1.2,1,0.4,1.1,2.9,11.8
Zaza Pachulia,GSW,Zaza Pachulia GSW,C,33,69,57,14.1,2.2,3.8,0.564,0,0,0,2.2,3.8,0.567,0.564,1.1,1.3,0.806,1.3,3.4,4.7,1.6,0.6,0.2,1,1.8,5.4
Tony Allen,NOP,Tony Allen NOP,SF,36,22,0,12.4,2,4.1,0.484,0.2,0.5,0.333,1.8,3.6,0.506,0.505,0.5,1,0.524,0.9,1.2,2.1,0.4,0.5,0.1,0.9,2.2,4.7
Georgios Papagiannis,TOT,Georgios Papagiannis TOT,C,20,17,0,7.2,1.1,2.5,0.429,0,0,,1.1,2.5,0.429,0.429,0,0,,0.8,1.4,2.2,0.5,0.2,0.4,0.5,0.7,2.1
Georgios Papagiannis,SAC,Georgios Papagiannis SAC,C,20,16,0,7.4,1.1,2.6,0.415,0,0,,1.1,2.6,0.415,0.415,0,0,,0.8,1.5,2.3,0.6,0.1,0.4,0.5,0.8,2.1
Georgios Papagiannis,POR,Georgios Papagiannis POR,C,20,1,0,4,1,1,1,0,0,,1,1,1,1,0,0,,1,0,1,0,2,0,0,0,2
Jabari Parker,MIL,Jabari Parker MIL,PF,22,31,3,24,5.2,10.7,0.482,1,2.6,0.383,4.2,8.1,0.514,0.529,1.3,1.7,0.741,1.4,3.5,4.9,1.9,0.8,0.3,1.5,1.6,12.6
Tony Parker,SAS,Tony Parker SAS,PG,35,55,21,19.5,3.2,7.1,0.459,0.2,0.7,0.27,3.1,6.4,0.479,0.472,1,1.4,0.705,0.1,1.6,1.7,3.5,0.5,0,1.2,0.9,7.7
Chandler Parsons,MEM,Chandler Parsons MEM,SF,29,36,8,19.2,3,6.5,0.462,1.4,3.4,0.421,1.6,3.1,0.504,0.571,0.5,0.8,0.63,0.4,2.1,2.5,1.9,0.5,0.3,1,1.5,7.9
Patrick Patterson,OKC,Patrick Patterson OKC,PF,28,82,3,15.5,1.3,3.2,0.398,0.8,2.1,0.386,0.5,1.2,0.421,0.523,0.5,0.6,0.87,0.4,2,2.4,0.7,0.6,0.3,0.4,1.1,3.9
Justin Patton,MIN,Justin Patton MIN,C,20,1,0,4,1,2,0.5,0,0,,1,2,0.5,0.5,0,0,,0,0,0,0,1,0,0,1,2
Brandon Paul,SAS,Brandon Paul SAS,SG,26,64,2,9,0.9,2,0.433,0.2,0.8,0.278,0.6,1.1,0.548,0.492,0.3,0.7,0.512,0.1,1,1.1,0.6,0.4,0.1,0.5,0.9,2.3
Chris Paul,HOU,Chris Paul HOU,PG,32,58,58,31.8,6.3,13.8,0.46,2.5,6.5,0.38,3.8,7.2,0.532,0.55,3.5,3.8,0.919,0.6,4.8,5.4,7.9,1.7,0.2,2.2,2.4,18.6
JaKarr Sampson,SAC,JaKarr Sampson SAC,SF,24,22,6,15.6,2,3.7,0.543,0.2,0.5,0.5,1.8,3.2,0.549,0.574,0.5,0.7,0.625,1,2.6,3.5,0.4,0.4,1,0.4,2.2,4.7
Cameron Payne,CHI,Cameron Payne CHI,PG,23,25,14,23.3,3.5,8.6,0.405,1.4,3.6,0.385,2.1,5,0.419,0.486,0.5,0.6,0.75,0.7,2,2.8,4.5,1,0.4,1.4,1.8,8.8
Elfrid Payton,TOT,Elfrid Payton TOT,PG,23,63,63,28.7,5.2,10.6,0.493,0.5,1.5,0.326,4.7,9.1,0.52,0.516,1.7,2.7,0.649,1,3.3,4.3,6.2,1.3,0.3,2.7,2.3,12.7
Rashad Vaughn,MIL,Rashad Vaughn MIL,SG,21,22,0,7.9,1,2.3,0.42,0.6,1.6,0.371,0.4,0.7,0.533,0.55,0.2,0.3,0.667,0.1,0.7,0.8,0.5,0.2,0.1,0.2,0.5,2.7
Elfrid Payton,PHO,Elfrid Payton PHO,PG,23,19,19,29,4.8,11,0.435,0.3,1.3,0.2,4.5,9.7,0.467,0.447,1.9,2.8,0.685,0.9,4.4,5.3,6.2,1,0.3,2.8,2.6,11.8
Gary Payton,TOT,Gary Payton TOT,PG,25,23,6,9.6,1.3,3.2,0.405,0.3,1.1,0.24,1,2.1,0.49,0.446,0.1,0.4,0.333,0.6,1.3,1.9,0.9,0.3,0.1,0.3,1.3,3
Gary Payton,MIL,Gary Payton MIL,PG,25,12,6,8.8,1.1,2.8,0.394,0.2,1,0.167,0.9,1.8,0.524,0.424,0.2,0.3,0.667,0.3,1.1,1.4,0.8,0.3,0.1,0.3,1.4,2.5
Danuel House,PHO,Danuel House PHO,SG,24,23,3,17.5,2.4,5.6,0.434,0.7,2.5,0.259,1.8,3.1,0.577,0.492,1.1,1.3,0.806,0.6,2.7,3.3,1.1,0.3,0.3,0.5,1,6.6
Glen Robinson,IND,Glen Robinson IND,SF,24,23,1,14.7,1.6,3.7,0.424,0.6,1.5,0.412,1,2.2,0.431,0.506,0.4,0.5,0.818,0.5,1.1,1.6,0.7,0.6,0,0.2,0.6,4.1
Ryan Arcidiacono,CHI,Ryan Arcidiacono CHI,PG,23,24,0,12.7,0.7,1.7,0.415,0.4,1.3,0.29,0.3,0.4,0.8,0.524,0.2,0.3,0.833,0,1,1,1.5,0.5,0,0.5,0.8,2
John Holland,CLE,John Holland CLE,SF,29,24,0,7.3,0.7,2.5,0.288,0.5,1.5,0.306,0.3,1,0.261,0.381,0.4,0.5,0.692,0.3,0.8,1,0.2,0.3,0.1,0.3,0.4,2.3
Nikola Mirotic,CHI,Nikola Mirotic CHI,PF,26,25,3,24.9,5.7,12.1,0.474,2.8,6.4,0.429,3,5.6,0.525,0.588,2.6,3.2,0.823,0.7,5.6,6.4,1.6,0.6,0.5,1.2,1.8,16.8
Mason Plumlee,DEN,Mason Plumlee DEN,C,27,74,26,19.4,3,5,0.601,0,0,0,3,5,0.602,0.601,1.1,2.4,0.458,1.8,3.6,5.4,1.9,0.7,1.1,1.4,2.5,7.1
Miles Plumlee,ATL,Miles Plumlee ATL,C,29,55,35,16.7,1.9,3.3,0.583,0,0,,1.9,3.3,0.583,0.583,0.5,1.1,0.45,1.4,2.7,4.1,0.8,0.3,0.5,1.1,1.4,4.3
Jakob Poeltl,TOR,Jakob Poeltl TOR,C,22,82,0,18.6,3.1,4.7,0.659,0,0,0.5,3.1,4.7,0.66,0.66,0.7,1.2,0.594,2,2.8,4.8,0.7,0.5,1.2,1,2.6,6.9
Quincy Pondexter,CHI,Quincy Pondexter CHI,SF,29,23,1,8.5,0.6,2.1,0.286,0.1,1,0.136,0.5,1.2,0.407,0.316,0.6,0.7,0.824,0.3,0.8,1.2,0.4,0.3,0.1,0.5,1,2
Otto Porter,WAS,Otto Porter WAS,SF,24,77,77,31.6,5.8,11.5,0.503,1.8,4.1,0.441,4,7.4,0.537,0.581,1.4,1.7,0.828,1.3,5.1,6.4,2,1.5,0.5,1,2,14.7
Bobby Portis,CHI,Bobby Portis CHI,PF,22,73,4,22.5,5.2,11.1,0.471,1.1,3.1,0.359,4.1,8.1,0.514,0.52,1.6,2.1,0.769,2.2,4.6,6.8,1.7,0.7,0.3,1.4,1.8,13.2
Kristaps Porzi??is,NYK,Kristaps Porzi??is NYK,PF,22,48,48,32.4,8.1,18.5,0.439,1.9,4.8,0.395,6.3,13.8,0.454,0.489,4.5,5.7,0.793,1.3,5.3,6.6,1.2,0.8,2.4,1.9,2.9,22.7
Dwight Powell,DAL,Dwight Powell DAL,C,26,79,25,21.2,3.2,5.4,0.593,0.4,1.1,0.333,2.9,4.4,0.656,0.626,1.7,2.3,0.719,1.7,3.9,5.6,1.2,0.8,0.4,0.7,2.4,8.5
Norman Powell,TOR,Norman Powell TOR,SG,24,70,18,15.2,2.1,5.3,0.401,0.8,2.7,0.285,1.4,2.7,0.516,0.472,0.5,0.6,0.821,0.2,1.5,1.7,1.3,0.5,0.2,0.9,1.6,5.5
Alex Poythress,IND,Alex Poythress IND,PF,24,25,0,4.2,0.4,1,0.423,0.2,0.4,0.364,0.3,0.6,0.467,0.5,0,0,,0.3,0.4,0.7,0.1,0.1,0,0.1,0.6,1
Jacob Pullen,PHI,Jacob Pullen PHI,PG,28,3,0,2,0.3,0.7,0.5,0,0.3,0,0.3,0.3,1,0.5,0,0,,0,0,0,0,0,0,0.3,0,0.7
Rodney Purvis,ORL,Rodney Purvis ORL,SG,23,16,2,18.1,2.2,6.7,0.327,0.8,3.3,0.25,1.4,3.4,0.4,0.388,0.8,0.9,0.867,0.1,1.6,1.7,1.1,0.2,0.2,0.6,1.6,6
Zhou Qi,HOU,Zhou Qi HOU,C,22,18,0,6.9,0.3,1.8,0.188,0.1,1.1,0.105,0.2,0.7,0.308,0.219,0.4,0.7,0.667,0.3,0.9,1.2,0.1,0.1,0.8,0.6,0.8,1.2
Malachi Richardson,SAC,Malachi Richardson SAC,SG,22,25,4,12.8,1.2,3.5,0.33,0.5,1.6,0.308,0.7,2,0.347,0.398,0.7,0.9,0.773,0.2,1.1,1.3,0.5,0.4,0,0.4,1.1,3.5
Ivan Rabb,MEM,Ivan Rabb MEM,PF,20,36,5,14.3,2.4,4.2,0.566,0,0,,2.4,4.2,0.566,0.566,0.8,1,0.806,1.5,2.9,4.4,0.9,0.3,0.4,1,1.5,5.6
Julius Randle,LAL,Julius Randle LAL,C,23,82,49,26.7,6.1,11,0.558,0.1,0.5,0.222,6,10.5,0.575,0.563,3.7,5.2,0.718,2.2,5.8,8,2.6,0.5,0.5,2.6,3.3,16.1
Zach Randolph,SAC,Zach Randolph SAC,PF,36,59,57,25.6,6.1,12.9,0.473,0.9,2.5,0.347,5.3,10.4,0.503,0.507,1.4,1.8,0.785,1.6,5.1,6.7,2.2,0.7,0.2,2,2,14.5
Xavier Rathan-Mayes,MEM,Xavier Rathan-Mayes MEM,SG,23,5,0,23.6,2.4,8.4,0.286,0.2,2.8,0.071,2.2,5.6,0.393,0.298,0.8,1.8,0.444,0,1,1,3.6,1.2,0.6,2.2,3.6,5.8
J.J. Redick,PHI,J.J. Redick PHI,SG,33,70,70,30.2,5.8,12.6,0.46,2.8,6.6,0.42,3,6,0.504,0.569,2.8,3.1,0.904,0.1,2.4,2.5,3,0.5,0.1,1.5,1.8,17.1
Davon Reed,PHO,Davon Reed PHO,SG,22,21,1,11.5,1,3.6,0.289,0.5,1.8,0.289,0.5,1.8,0.289,0.362,0.4,0.6,0.667,0.1,1.8,1.9,0.6,0.5,0.1,0.5,0.8,3
Willie Reed,TOT,Willie Reed TOT,C,27,42,5,10.2,1.9,2.9,0.669,0,0,0.5,1.9,2.8,0.672,0.674,0.8,1.3,0.582,0.8,2,2.9,0.2,0.2,0.5,0.5,1.3,4.6
Willy Hernangomez,NYK,Willy Hernangomez NYK,C,23,26,0,9,1.9,3.1,0.605,0,0.2,0.2,1.8,2.9,0.632,0.611,0.5,1.1,0.429,0.8,1.7,2.6,0.8,0.3,0.3,1,1.2,4.3
Brandan Wright,TOT,Brandan Wright TOT,PF,30,28,1,13.6,2.1,3.6,0.578,0,0,,2.1,3.6,0.578,0.578,0.8,1.2,0.636,1.2,2.2,3.4,0.5,0.5,0.9,0.3,1.1,5
Josh Richardson,MIA,Josh Richardson MIA,SF,24,81,81,33.2,4.9,10.9,0.451,1.6,4.1,0.378,3.4,6.8,0.495,0.523,1.5,1.8,0.845,0.9,2.7,3.5,2.9,1.5,0.9,1.7,2.5,12.9
Malachi Richardson,TOT,Malachi Richardson TOT,SG,22,26,4,12.5,1.2,3.5,0.333,0.5,1.5,0.3,0.7,1.9,0.36,0.4,0.7,0.8,0.773,0.2,1.1,1.3,0.5,0.4,0,0.4,1,3.4
Tyrone Wallace,LAC,Tyrone Wallace LAC,PG,23,30,19,28.4,3.7,8.2,0.445,0.3,1.3,0.25,3.3,6.9,0.483,0.466,2,2.6,0.782,0.7,2.8,3.5,2.4,0.9,0.4,1.5,2.8,9.7
Malachi Richardson,TOR,Malachi Richardson TOR,SG,22,1,0,5,1,2,0.5,0,1,0,1,1,1,0.5,0,0,,0,1,1,0,0,0,0,0,2
Austin Rivers,LAC,Austin Rivers LAC,SG,25,61,59,33.7,5.6,13.2,0.424,2.2,5.9,0.378,3.4,7.3,0.461,0.508,1.7,2.6,0.642,0.4,1.9,2.4,4,1.2,0.3,1.8,2.5,15.1
Andre Roberson,OKC,Andre Roberson OKC,SG,26,39,39,26.6,2.2,4.2,0.537,0.2,0.9,0.222,2,3.2,0.627,0.562,0.3,1,0.316,1.9,2.8,4.7,1.2,1.2,0.9,0.8,2.3,5
Joe Johnson,UTA,Joe Johnson UTA,SF,36,32,3,21.9,3,7.1,0.42,0.7,2.6,0.274,2.3,4.4,0.507,0.471,0.6,0.8,0.833,0.4,3,3.3,1.4,0.4,0.2,1,1,7.3
Kobi Simmons,MEM,Kobi Simmons MEM,PG,20,32,12,20.1,2.5,5.9,0.423,0.3,1.2,0.282,2.2,4.7,0.46,0.452,0.8,0.8,1,0.4,1.1,1.6,2.1,0.6,0.2,1.4,1.9,6.1
Rajon Rondo,NOP,Rajon Rondo NOP,PG,31,65,63,26.2,3.6,7.6,0.468,0.8,2.3,0.333,2.8,5.3,0.526,0.518,0.4,0.7,0.543,0.5,3.6,4,8.2,1.1,0.2,2.3,1.8,8.3
Derrick Rose,TOT,Derrick Rose TOT,PG,29,25,7,16.8,3.2,7.4,0.435,0.3,1.2,0.233,3,6.2,0.474,0.454,1.6,1.8,0.87,0.5,0.9,1.4,1.5,0.3,0.2,1.4,0.6,8.4
Quinn Cook,GSW,Quinn Cook GSW,PG,24,33,18,22.4,3.7,7.6,0.484,1.4,3.2,0.442,2.3,4.5,0.514,0.575,0.7,0.8,0.88,0.3,2.2,2.5,2.7,0.4,0,1,1.8,9.5
Blake Griffin,LAC,Blake Griffin LAC,PF,28,33,33,34.5,7.7,17.5,0.441,1.9,5.7,0.342,5.8,11.8,0.488,0.497,5.2,6.6,0.785,1.4,6.5,7.9,5.4,0.9,0.3,3,2.4,22.6
Terrence Ross,ORL,Terrence Ross ORL,SG,26,24,20,25,3.2,8,0.398,1.3,3.9,0.323,1.9,4.1,0.469,0.476,1.1,1.5,0.75,0.4,2.6,3,1.6,1.1,0.5,1.2,1.9,8.7
Terry Rozier,BOS,Terry Rozier BOS,PG,23,80,16,25.9,4,10,0.395,1.9,5,0.381,2,5,0.41,0.491,1.4,1.9,0.772,0.8,3.9,4.7,2.9,1,0.2,1,1.5,11.3
Ricky Rubio,UTA,Ricky Rubio UTA,PG,27,77,77,29.3,4.5,10.7,0.418,1.2,3.5,0.352,3.2,7.2,0.451,0.476,2.9,3.3,0.866,0.6,4,4.6,5.3,1.6,0.1,2.7,2.7,13.1
D'Angelo Russell,BRK,D'Angelo Russell BRK,PG,21,48,35,25.7,5.8,14,0.414,1.9,5.8,0.324,3.9,8.2,0.477,0.481,2,2.7,0.74,0.6,3.3,3.9,5.2,0.8,0.4,3.1,1.9,15.5
Domantas Sabonis,IND,Domantas Sabonis IND,C,21,74,19,24.5,4.6,8.9,0.514,0.2,0.5,0.351,4.4,8.4,0.524,0.524,2.3,3,0.75,2.2,5.5,7.7,2,0.5,0.4,1.9,3,11.6
Noah Vonleh,POR,Noah Vonleh POR,PF,22,33,12,14.4,1.4,2.9,0.49,0.1,0.2,0.333,1.4,2.7,0.5,0.5,0.7,0.9,0.742,1.1,4,5.1,0.4,0.2,0.3,0.5,1.3,3.6
Dario Saric,PHI,Dario Saric PHI,PF,23,78,73,29.6,5.2,11.4,0.453,2,5.1,0.393,3.2,6.3,0.501,0.541,2.3,2.7,0.86,2,4.7,6.7,2.6,0.7,0.3,1.9,2.1,14.6
Tomas Satoransky,WAS,Tomas Satoransky WAS,SG,26,73,30,22.5,2.8,5.3,0.523,0.6,1.4,0.465,2.1,3.9,0.544,0.585,1,1.3,0.781,1,2.2,3.2,3.9,0.7,0.2,1.1,1.8,7.2
Dennis Schroder,ATL,Dennis Schroder ATL,PG,24,67,67,31,7.5,17.1,0.436,1.1,3.9,0.29,6.3,13.2,0.48,0.469,3.4,4,0.849,0.7,2.4,3.1,6.2,1.1,0.1,2.7,2.2,19.4
Mike Scott,WAS,Mike Scott WAS,PF,29,76,1,18.5,3.6,6.9,0.527,0.9,2.1,0.405,2.8,4.8,0.582,0.59,0.7,1,0.658,0.7,2.6,3.3,1.1,0.3,0.1,1,1.9,8.8
Thabo Sefolosha,UTA,Thabo Sefolosha UTA,SF,33,38,6,21.2,3.1,6.3,0.492,0.8,2.2,0.381,2.3,4.1,0.551,0.558,1.2,1.4,0.815,0.8,3.5,4.2,0.9,1.4,0.3,0.8,1.6,8.2
Wayne Selden,MEM,Wayne Selden MEM,SG,23,35,9,19.8,3.3,7.7,0.431,1.4,3.5,0.402,1.9,4.2,0.456,0.522,1.3,1.7,0.746,0.5,1.1,1.6,1.9,0.5,0.1,1.5,1.7,9.3
Ramon Sessions,TOT,Ramon Sessions TOT,PG,31,28,3,14,1.5,4.2,0.359,0.3,0.9,0.308,1.2,3.3,0.374,0.393,1.6,2,0.772,0.2,1.1,1.4,2.8,0.5,0.1,1.1,1,4.9
Ramon Sessions,NYK,Ramon Sessions NYK,PG,31,13,3,12.8,1.3,4.1,0.321,0.2,0.8,0.182,1.2,3.2,0.357,0.34,0.9,1.2,0.8,0.1,1.3,1.4,2.1,0.5,0.1,1.2,1.1,3.7
Ramon Sessions,WAS,Ramon Sessions WAS,PG,31,15,0,15,1.7,4.3,0.391,0.4,1,0.4,1.3,3.3,0.388,0.438,2.1,2.8,0.762,0.3,1,1.3,3.3,0.5,0.1,1,1,5.9
Johnny O'Bryant,CHO,Johnny O'Bryant CHO,PF,24,36,0,10.5,1.9,4.8,0.398,0.4,1.2,0.326,1.5,3.6,0.422,0.439,0.6,0.7,0.84,0.8,1.8,2.6,0.4,0.3,0.2,0.4,1.3,4.8
Pascal Siakam,TOR,Pascal Siakam TOR,PF,23,81,5,20.7,3.1,6.1,0.508,0.4,1.6,0.22,2.8,4.5,0.612,0.537,0.7,1.1,0.621,1,3.5,4.5,2,0.8,0.5,0.8,2,7.3
Luke Babbitt,ATL,Luke Babbitt ATL,SF,28,37,9,15.4,2.2,4.5,0.476,1.3,3,0.441,0.8,1.5,0.544,0.622,0.5,0.6,0.773,0.1,2.1,2.2,0.7,0.2,0.1,0.4,1.3,6.1
Ben Simmons,PHI,Ben Simmons PHI,PG,21,81,81,33.7,6.7,12.3,0.545,0,0.1,0,6.7,12.2,0.551,0.545,2.4,4.2,0.56,1.8,6.3,8.1,8.2,1.7,0.9,3.4,2.6,15.8
Jonathon Simmons,ORL,Jonathon Simmons ORL,SG,28,69,50,29.4,5.1,11,0.465,1,3,0.338,4.1,8.1,0.512,0.511,2.7,3.5,0.768,0.9,2.6,3.5,2.5,0.8,0.2,2.1,2.5,13.9
Alex Caruso,LAL,Alex Caruso LAL,PG,23,37,7,15.2,1.4,3.1,0.431,0.4,1.2,0.302,1,2,0.507,0.487,0.6,0.8,0.7,0.4,1.4,1.8,2,0.6,0.3,1.1,1.4,3.6
Kyle Singler,OKC,Kyle Singler OKC,SF,29,12,0,4.9,0.6,1.8,0.333,0.2,0.4,0.4,0.4,1.3,0.313,0.381,0.6,1.1,0.538,0.1,0.8,0.8,0.2,0.1,0,0.3,0.3,1.9
Marcus Smart,BOS,Marcus Smart BOS,SG,23,54,11,29.9,3.5,9.5,0.367,1.4,4.6,0.301,2.1,4.9,0.429,0.44,1.8,2.5,0.729,0.8,2.7,3.5,4.8,1.3,0.4,2.4,2.5,10.2
Dennis Smith,DAL,Dennis Smith DAL,PG,20,69,69,29.7,5.9,14.8,0.395,1.5,4.9,0.313,4.3,9.9,0.435,0.446,1.9,2.8,0.694,0.7,3,3.8,5.2,1,0.3,2.8,2.2,15.2
Ish Smith,DET,Ish Smith DET,PG,29,82,35,24.9,4.7,9.8,0.486,0.4,1.2,0.347,4.3,8.5,0.506,0.507,1,1.4,0.698,0.3,2.4,2.7,4.4,0.8,0.2,1.3,1.7,10.9
J.R. Smith,CLE,J.R. Smith CLE,SG,32,80,61,28.1,3,7.4,0.403,1.8,4.8,0.375,1.2,2.7,0.453,0.524,0.5,0.7,0.696,0.4,2.6,2.9,1.8,0.9,0.1,1,2,8.3
Jason Smith,WAS,Jason Smith WAS,C,31,33,2,8.6,1.4,3.5,0.391,0.1,1,0.125,1.2,2.5,0.494,0.409,0.6,0.6,0.905,0.5,1.1,1.6,0.4,0.1,0.4,0.5,1.3,3.4
Josh Smith,NOP,Josh Smith NOP,PF,32,3,0,4,0.3,1.3,0.25,0,0,,0.3,1.3,0.25,0.25,0,0,,1,0.3,1.3,0,0,0,0,1,0.7
Tony Snell,MIL,Tony Snell MIL,SG,26,75,59,27.4,2.5,5.7,0.435,1.4,3.6,0.403,1,2.1,0.49,0.562,0.5,0.6,0.792,0.1,1.8,1.9,1.3,0.6,0.4,0.5,1.5,6.9
Marreese Speights,ORL,Marreese Speights ORL,C,30,52,3,13,2.7,6.7,0.395,1.7,4.5,0.369,1,2.2,0.448,0.519,0.8,1.1,0.727,0.4,2.2,2.6,0.8,0.2,0.4,0.8,2,7.7
Nik Stauskas,TOT,Nik Stauskas TOT,SG,24,41,0,12.8,1.5,3.8,0.39,1,2.4,0.4,0.5,1.3,0.37,0.519,0.5,0.7,0.724,0.1,1.5,1.6,1,0.2,0.1,0.6,0.6,4.4
C.J. Williams,LAC,C.J. Williams LAC,SG,27,38,17,18.6,2.3,5.2,0.442,0.6,2.1,0.282,1.7,3.1,0.546,0.497,0.3,0.4,0.813,0.3,1.2,1.5,1.1,0.8,0.3,0.5,1.7,5.5
Nik Stauskas,BRK,Nik Stauskas BRK,SG,24,35,0,13.7,1.7,4.3,0.393,1.1,2.8,0.404,0.5,1.5,0.373,0.527,0.5,0.8,0.704,0.1,1.7,1.8,1.1,0.1,0.1,0.6,0.6,5.1
Lance Stephenson,IND,Lance Stephenson IND,SG,27,82,7,22.6,3.7,8.6,0.427,0.8,2.8,0.289,2.9,5.8,0.495,0.475,1,1.5,0.661,0.8,4.4,5.2,2.9,0.6,0.2,1.6,2.2,9.2
Torrey Craig,DEN,Torrey Craig DEN,SF,27,39,5,16.1,1.6,3.5,0.453,0.4,1.5,0.293,1.2,2,0.57,0.515,0.6,0.9,0.629,1,2.2,3.3,0.6,0.3,0.4,0.5,1.6,4.2
Julyan Stone,CHO,Julyan Stone CHO,SG,29,23,0,7.6,0.3,0.6,0.462,0.3,0.6,0.462,0,0,,0.692,0,0.1,0.5,0,1.2,1.3,1.1,0.2,0.1,0.3,0.9,0.8
Rodney Hood,UTA,Rodney Hood UTA,SG,25,39,12,27.8,6,14.2,0.424,2.6,6.7,0.389,3.4,7.4,0.455,0.516,2.2,2.5,0.876,0.4,2.5,2.8,1.7,0.8,0.2,1.6,1.6,16.8
Caleb Swanigan,POR,Caleb Swanigan POR,PF,20,27,3,7,0.9,2.2,0.4,0,0.3,0.125,0.9,1.9,0.442,0.408,0.4,0.7,0.667,0.6,1.4,2,0.5,0.2,0.1,0.7,1.4,2.3
Jayson Tatum,BOS,Jayson Tatum BOS,SF,19,80,80,30.5,5,10.4,0.475,1.3,3,0.434,3.7,7.4,0.492,0.538,2.7,3.2,0.826,0.6,4.4,5,1.6,1,0.7,1.4,2.1,13.9
Isaiah Taylor,ATL,Isaiah Taylor ATL,PG,23,67,9,17.4,2.4,5.8,0.418,0.3,1.2,0.25,2.1,4.6,0.461,0.444,1.5,2.1,0.702,0.3,1.1,1.4,3.1,0.5,0.1,1.3,1.7,6.6
Jeff Teague,MIN,Jeff Teague MIN,PG,29,70,70,33,5.1,11.3,0.446,1.2,3.3,0.368,3.9,8.1,0.477,0.499,2.9,3.4,0.845,0.3,2.6,3,7,1.5,0.3,2.5,2.4,14.2
Willie Reed,LAC,Willie Reed LAC,C,27,39,5,10.7,2.1,3.1,0.667,0,0.1,0.5,2,3,0.669,0.671,0.8,1.4,0.582,0.9,2.2,3.1,0.2,0.2,0.6,0.5,1.4,4.9
Mirza Teletovi?,MIL,Mirza Teletovi? MIL,PF,32,10,0,15.9,2.5,5.7,0.439,2.1,4.5,0.467,0.4,1.2,0.333,0.623,0,0,,0.3,2,2.3,1,0.4,0.1,0.7,1.4,7.1
Garrett Temple,SAC,Garrett Temple SAC,SG,31,65,35,24.8,3.1,7.3,0.418,1.4,3.5,0.392,1.7,3.8,0.442,0.512,0.9,1.2,0.769,0.3,2,2.3,1.9,0.9,0.4,1.2,2.1,8.4
Milos Teodosic,LAC,Milos Teodosic LAC,PG,30,45,36,25.2,3.4,8,0.419,2,5.2,0.379,1.4,2.8,0.492,0.542,0.9,1,0.848,0.4,2.4,2.8,4.6,0.5,0.1,2.2,2.3,9.5
Jason Terry,MIL,Jason Terry MIL,SG,40,51,4,16,1.2,3,0.383,0.8,2.3,0.348,0.4,0.8,0.487,0.513,0.2,0.2,0.889,0.1,0.8,0.9,1.2,0.8,0.3,0.5,1,3.3
Daniel Theis,BOS,Daniel Theis BOS,C,25,63,3,14.9,2,3.7,0.541,0.3,0.9,0.31,1.7,2.8,0.617,0.579,1,1.3,0.753,1.4,2.9,4.3,0.9,0.5,0.8,0.9,2.5,5.3
Isaiah Thomas,TOT,Isaiah Thomas TOT,PG,28,32,15,26.9,4.9,13.2,0.373,1.7,5.9,0.293,3.2,7.3,0.438,0.438,3.7,4.1,0.893,0.5,1.6,2.1,4.8,0.5,0.1,3,1.8,15.2
Avery Bradley,DET,Avery Bradley DET,SG,27,40,40,31.7,5.8,14.3,0.409,1.9,4.9,0.381,4,9.4,0.423,0.474,1.5,2,0.763,0.5,1.9,2.4,2.1,1.2,0.2,2.3,2,15
Isaiah Thomas,LAL,Isaiah Thomas LAL,PG,28,17,1,26.8,5.1,13.4,0.383,1.9,5.9,0.327,3.2,7.4,0.429,0.456,3.4,3.7,0.921,0.6,1.5,2.1,5,0.4,0.1,3.2,1.9,15.6
Lance Thomas,NYK,Lance Thomas NYK,PF,29,73,31,18.5,1.4,3.7,0.382,0.7,1.7,0.403,0.7,2,0.364,0.476,0.6,0.7,0.83,0.6,1.8,2.4,0.6,0.4,0.2,0.5,1.8,4.1
Klay Thompson,GSW,Klay Thompson GSW,SG,27,73,73,34.3,7.9,16.2,0.488,3.1,7.1,0.44,4.7,9,0.526,0.585,1.1,1.3,0.837,0.4,3.4,3.8,2.5,0.8,0.5,1.8,1.6,20
Tristan Thompson,CLE,Tristan Thompson CLE,C,26,53,22,20.2,2.5,4.4,0.562,0,0,,2.5,4.4,0.562,0.562,0.8,1.5,0.544,2.4,4.3,6.6,0.6,0.3,0.3,0.7,1.9,5.8
Sindarius Thornwell,LAC,Sindarius Thornwell LAC,SG,23,73,17,15.8,1.4,3.2,0.429,0.3,0.8,0.377,1.1,2.4,0.448,0.479,0.8,1.2,0.67,0.5,1.5,1.9,0.9,0.7,0.3,0.7,1.7,3.9
Anthony Tolliver,DET,Anthony Tolliver DET,PF,32,79,14,22.2,2.8,6,0.464,2,4.6,0.436,0.8,1.4,0.561,0.632,1.3,1.7,0.797,0.6,2.4,3.1,1.1,0.4,0.3,0.7,1.8,8.9
Karl-Anthony Towns,MIN,Karl-Anthony Towns MIN,C,22,82,82,35.6,7.8,14.3,0.545,1.5,3.5,0.421,6.3,10.8,0.585,0.596,4.2,4.9,0.858,2.9,9.4,12.3,2.4,0.8,1.4,1.9,3.5,21.3
P.J. Tucker,HOU,P.J. Tucker HOU,PF,32,82,34,27.8,2.1,5.4,0.39,1.4,3.8,0.371,0.7,1.6,0.435,0.52,0.5,0.7,0.717,1.1,4.4,5.6,0.9,1,0.3,0.9,2.5,6.1
Evan Turner,POR,Evan Turner POR,SF,29,79,40,25.7,3.3,7.3,0.447,0.5,1.7,0.318,2.7,5.6,0.485,0.484,1.2,1.4,0.85,0.4,2.7,3.1,2.2,0.6,0.4,1.3,2.1,8.2
Myles Turner,IND,Myles Turner IND,C,21,65,62,28.2,4.7,9.8,0.479,0.9,2.4,0.357,3.8,7.4,0.519,0.523,2.5,3.2,0.777,1.4,5,6.4,1.3,0.6,1.8,1.5,2.9,12.7
Ekpe Udoh,UTA,Ekpe Udoh UTA,C,30,63,3,12.9,1,1.9,0.5,0,0,0,1,1.9,0.504,0.5,0.7,0.9,0.75,1.1,1.3,2.4,0.8,0.7,1.2,0.3,1.7,2.6
Tyler Ulis,PHO,Tyler Ulis PHO,PG,22,71,43,23.4,3,7.8,0.388,0.6,2.1,0.288,2.4,5.7,0.425,0.426,1.2,1.4,0.832,0.3,1.5,1.8,4.4,1,0.1,1.8,1.7,7.8
Jonas Valan?i?nas,TOR,Jonas Valan?i?nas TOR,C,25,77,77,22.4,5.1,8.9,0.568,0.4,1,0.405,4.7,8,0.587,0.59,2.2,2.7,0.806,2.4,6.2,8.6,1.1,0.4,0.9,1.5,2.5,12.7
Denzel Valentine,CHI,Denzel Valentine CHI,SG,24,77,37,27.2,3.9,9.4,0.417,1.9,4.8,0.386,2.1,4.6,0.45,0.517,0.5,0.7,0.745,0.6,4.5,5.1,3.2,0.8,0.1,1.3,2.4,10.2
Fred VanVleet,TOR,Fred VanVleet TOR,PG,23,76,0,20,3.1,7.2,0.426,1.4,3.4,0.414,1.6,3.7,0.437,0.525,1.1,1.3,0.832,0.3,2.1,2.4,3.2,0.9,0.3,1,1.7,8.6
Rashad Vaughn,TOT,Rashad Vaughn TOT,SG,21,28,0,7.6,0.8,2,0.411,0.5,1.3,0.378,0.3,0.7,0.474,0.536,0.1,0.2,0.667,0.1,0.6,0.8,0.5,0.2,0.1,0.2,0.5,2.3
Emmanuel Mudiay,DEN,Emmanuel Mudiay DEN,PG,21,42,0,17.9,3.1,7.7,0.401,0.9,2.4,0.373,2.2,5.2,0.414,0.46,1.5,1.9,0.808,0.4,1.9,2.2,2.9,0.5,0.1,1.7,1.1,8.5
Larry Nance,LAL,Larry Nance LAL,C,25,42,17,22,3.6,6,0.601,0,0.1,0.25,3.6,5.9,0.606,0.603,1.3,2.1,0.632,2.6,4.2,6.8,1.4,1.4,0.5,1,2.7,8.6
Rashad Vaughn,ORL,Rashad Vaughn ORL,SG,21,5,0,7,0.4,1.2,0.333,0.2,0.4,0.5,0.2,0.8,0.25,0.417,0,0,,0.2,0.6,0.8,0,0.2,0,0.4,0.4,1
Noah Vonleh,TOT,Noah Vonleh TOT,PF,22,54,16,16.2,1.9,4.3,0.444,0.4,1.2,0.303,1.6,3.1,0.5,0.487,0.7,1.1,0.621,1.3,4.5,5.8,0.6,0.4,0.3,0.6,1.3,4.9
Tyler Zeller,BRK,Tyler Zeller BRK,C,28,42,33,16.7,3,5.5,0.546,0.2,0.6,0.385,2.7,4.8,0.567,0.568,1,1.4,0.667,1.5,3.1,4.6,0.7,0.2,0.5,0.8,1.9,7.1
Noah Vonleh,CHI,Noah Vonleh CHI,PF,22,21,4,19,2.7,6.6,0.413,0.9,2.9,0.3,1.9,3.7,0.5,0.478,0.6,1.3,0.481,1.7,5.2,6.9,1,0.6,0.3,0.8,1.2,6.9
Nikola Vu?evi?,ORL,Nikola Vu?evi? ORL,C,27,57,57,29.5,7,14.7,0.475,1.1,3.6,0.314,5.9,11.2,0.527,0.513,1.4,1.6,0.819,1.8,7.4,9.2,3.4,1,1.1,1.9,2.5,16.5
Dwyane Wade,TOT,Dwyane Wade TOT,SG,36,67,3,22.9,4.5,10.2,0.438,0.5,1.7,0.288,4,8.5,0.468,0.462,2,2.8,0.714,0.7,3,3.8,3.4,0.9,0.7,2.1,1.9,11.4
George Hill,SAC,George Hill SAC,PG,31,43,36,26.6,3.6,7.6,0.469,1.3,3,0.453,2.2,4.6,0.48,0.558,1.8,2.3,0.778,0.5,2.2,2.7,2.8,0.9,0.3,1.4,1.7,10.3
Dwyane Wade,MIA,Dwyane Wade MIA,SG,36,21,0,22.2,4.8,11.8,0.409,0.4,2,0.22,4.4,9.8,0.447,0.427,2,2.6,0.745,0.5,2.9,3.4,3.1,0.9,0.7,2.3,1.9,12
Dion Waiters,MIA,Dion Waiters MIA,SG,26,30,30,30.6,5.4,13.7,0.398,1.7,5.7,0.306,3.7,8,0.463,0.461,1.7,2.3,0.739,0.3,2.3,2.6,3.8,0.8,0.3,2.3,2,14.3
Kemba Walker,CHO,Kemba Walker CHO,PG,27,80,80,34.2,7.4,17,0.431,2.9,7.5,0.384,4.5,9.5,0.469,0.516,4.5,5.3,0.864,0.4,2.7,3.1,5.6,1.1,0.3,2.2,1.2,22.1
John Wall,WAS,John Wall WAS,PG,27,41,41,34.4,6.8,16.3,0.42,1.5,4.1,0.371,5.3,12.2,0.436,0.466,4.3,5.9,0.726,0.5,3.1,3.7,9.6,1.4,1.1,3.9,2,19.4
Jameer Nelson,NOP,Jameer Nelson NOP,PG,35,43,0,20.9,2,4.8,0.41,0.9,2.6,0.364,1,2.2,0.463,0.507,0.3,0.4,0.765,0.3,2,2.2,3.6,0.5,0.1,1.3,1.6,5.1
Taurean Waller-Prince,ATL,Taurean Waller-Prince ATL,SF,23,82,82,30,5.1,11.9,0.426,2.1,5.6,0.385,2.9,6.3,0.461,0.516,1.9,2.2,0.844,0.6,4.1,4.7,2.6,1,0.5,2.3,2,14.1
Channing Frye,CLE,Channing Frye CLE,C,34,44,1,12.4,1.9,3.8,0.497,0.7,2,0.333,1.2,1.8,0.684,0.586,0.3,0.3,0.933,0.2,2.3,2.5,0.6,0.4,0.3,0.4,1.2,4.8
Jameel Warney,DAL,Jameel Warney DAL,PF,24,3,0,9,2.3,4,0.583,0,0,,2.3,4,0.583,0.583,1,1.7,0.6,1.3,1.7,3,0,0,0,0.3,0.7,5.7
T.J. Warren,PHO,T.J. Warren PHO,SF,24,65,65,33,8.1,16.4,0.498,0.3,1.4,0.222,7.8,15,0.523,0.507,3,3.9,0.757,1.9,3.2,5.1,1.3,1,0.6,1.3,2.3,19.6
Travis Wear,LAL,Travis Wear LAL,SF,27,17,0,13.4,1.5,4.2,0.347,1,2.8,0.362,0.5,1.5,0.32,0.465,0.5,0.5,1,0,2.2,2.2,0.4,0.2,0.3,0.4,1.8,4.4
Devin Harris,DAL,Devin Harris DAL,PG,34,44,1,18.3,2.7,6.5,0.415,1,2.8,0.352,1.7,3.6,0.465,0.493,2.1,2.5,0.83,0.2,1.7,1.9,1.9,0.8,0.2,1.1,2.3,8.5
Briante Weber,TOT,Briante Weber TOT,PG,25,18,0,13.2,1.1,2.4,0.442,0.2,0.6,0.364,0.8,1.8,0.469,0.488,0.4,0.6,0.8,0.4,1.5,1.9,1.2,1,0.3,0.8,1.6,2.8
Briante Weber,HOU,Briante Weber HOU,PG,25,13,0,9.1,0.7,1.7,0.409,0.3,0.7,0.444,0.4,1,0.385,0.5,0.3,0.3,1,0.2,1.2,1.4,1,0.8,0.2,0.5,1.4,2
Briante Weber,MEM,Briante Weber MEM,PG,25,5,0,23.8,2,4.2,0.476,0,0.4,0,2,3.8,0.526,0.476,0.8,1.2,0.667,1,2.4,3.4,1.8,1.6,0.4,1.6,2,4.8
David West,GSW,David West GSW,C,37,73,0,13.7,3,5.2,0.571,0,0.1,0.375,2.9,5.1,0.576,0.575,0.8,1.1,0.759,0.9,2.4,3.3,1.9,0.6,1,1.1,1.6,6.8
Russell Westbrook,OKC,Russell Westbrook OKC,PG,29,80,80,36.4,9.5,21.1,0.449,1.2,4.1,0.298,8.3,17,0.485,0.477,5.2,7.1,0.737,1.9,8.2,10.1,10.3,1.8,0.3,4.8,2.5,25.4
Elfrid Payton,ORL,Elfrid Payton ORL,PG,23,44,44,28.6,5.4,10.4,0.52,0.6,1.5,0.373,4.8,8.9,0.545,0.547,1.6,2.6,0.632,1.1,2.9,4,6.3,1.5,0.4,2.6,2.2,13
Derrick White,SAS,Derrick White SAS,PG,23,17,0,8.2,0.9,1.9,0.485,0.5,0.8,0.615,0.5,1.2,0.4,0.606,0.8,1.2,0.7,0.3,1.2,1.5,0.5,0.2,0.2,0.4,0.5,3.2
James Ennis,MEM,James Ennis MEM,SF,27,45,14,23.4,2.4,4.9,0.486,0.7,1.9,0.357,1.7,3.1,0.565,0.554,1.4,1.6,0.877,1.2,2.3,3.5,1.1,0.7,0.3,0.8,1.8,6.9
Isaiah Whitehead,BRK,Isaiah Whitehead BRK,PG,22,16,0,11.3,2.5,5.4,0.465,0.4,1.1,0.389,2.1,4.3,0.485,0.506,0.8,1.2,0.684,0.3,1.4,1.6,1.3,0.5,0.1,1.5,1.4,6.3
Hassan Whiteside,MIA,Hassan Whiteside MIA,C,28,54,54,25.3,5.8,10.7,0.54,0,0,1,5.7,10.7,0.538,0.542,2.4,3.4,0.703,3.2,8.2,11.4,1,0.7,1.7,1.7,2.4,14
Andrew Wiggins,MIN,Andrew Wiggins MIN,SF,22,82,82,36.3,6.9,15.9,0.438,1.4,4.1,0.331,5.6,11.7,0.475,0.481,2.5,3.8,0.643,1,3.4,4.4,2,1.1,0.6,1.7,2,17.7
Dwyane Wade,CLE,Dwyane Wade CLE,SG,36,46,3,23.2,4.3,9.5,0.455,0.5,1.5,0.329,3.8,7.9,0.479,0.482,2,2.9,0.701,0.8,3.1,3.9,3.5,0.9,0.7,2,1.8,11.2
Damien Wilkins,IND,Damien Wilkins IND,SF,38,19,1,8,0.7,2.1,0.333,0.2,0.9,0.222,0.5,1.1,0.429,0.385,0.2,0.2,0.75,0.3,0.6,0.8,0.5,0.1,0.1,0.3,0.4,1.7
Alan Williams,PHO,Alan Williams PHO,PF,25,5,0,14,1.4,3.6,0.389,0,0,,1.4,3.6,0.389,0.389,1.2,1.8,0.667,0.6,3.8,4.4,1.6,1,0.2,1.4,2.6,4
Tobias Harris,DET,Tobias Harris DET,PF,25,48,48,32.6,6.7,14.8,0.451,2.4,5.8,0.409,4.3,9,0.478,0.531,2.4,2.8,0.846,0.8,4.3,5.1,2,0.7,0.3,1.1,1.9,18.1
Derrick Williams,LAL,Derrick Williams LAL,PF,26,2,0,4.5,0.5,2,0.25,0,1,0,0.5,1,0.5,0.25,0,0,,0,0.5,0.5,0,0,0,0,0,1
Lou Williams,LAC,Lou Williams LAC,SG,31,79,19,32.8,7.4,16.9,0.435,2.4,6.6,0.359,5,10.4,0.484,0.505,5.5,6.2,0.88,0.5,2,2.5,5.3,1.1,0.2,3,1.3,22.6
Marvin Williams,CHO,Marvin Williams CHO,PF,31,78,78,25.7,3.3,7.2,0.458,1.6,3.9,0.413,1.7,3.3,0.512,0.57,1.3,1.6,0.829,0.9,3.8,4.7,1.2,0.7,0.5,0.8,1.5,9.5
Matt Williams,MIA,Matt Williams MIA,SG,24,3,0,3.7,0.7,2,0.333,0.3,1.7,0.2,0.3,0.3,1,0.417,0,0,,0,0.3,0.3,0,0,0,0.3,0.3,1.7
Troy Williams,TOT,Troy Williams TOT,SF,23,21,1,14.6,2.4,5.2,0.468,0.5,1.8,0.289,1.9,3.4,0.563,0.518,1,1.4,0.667,1,2,3,0.8,1,0.2,0.9,1.6,6.3
Troy Williams,HOU,Troy Williams HOU,SF,23,4,0,4.3,0.5,2.3,0.222,0,1.3,0,0.5,1,0.5,0.222,0.3,0.8,0.333,0.3,0.8,1,0.3,0.3,0,0.3,0.5,1.3
Troy Williams,NYK,Troy Williams NYK,SF,23,17,1,17.1,2.9,5.9,0.49,0.6,1.9,0.333,2.2,3.9,0.567,0.545,1.1,1.6,0.704,1.2,2.2,3.5,0.9,1.1,0.2,1.1,1.9,7.5
D.J. Wilson,MIL,D.J. Wilson MIL,PF,21,22,0,3.2,0.4,0.7,0.563,0.1,0.2,0.4,0.3,0.5,0.636,0.625,0,0.1,0.5,0.1,0.4,0.5,0.1,0.1,0,0.2,0.3,1
Jamil Wilson,LAC,Jamil Wilson LAC,SF,27,15,10,18.3,2.5,5.4,0.469,1.8,4.2,0.429,0.7,1.2,0.611,0.636,0.1,0.3,0.5,0.2,1.9,2.1,0.7,0.3,0.5,0.5,2.3,7
Justise Winslow,MIA,Justise Winslow MIA,PF,21,68,25,24.7,3,7.2,0.424,0.7,1.9,0.38,2.3,5.3,0.44,0.474,1,1.5,0.635,0.9,4.5,5.4,2.2,0.8,0.5,1.1,2.1,7.8
Jeff Withey,DAL,Jeff Withey DAL,C,27,9,0,4.3,0.7,1.8,0.375,0.2,1.1,0.2,0.4,0.7,0.667,0.438,0.1,0.2,0.5,0.1,1,1.1,0,0,0.3,0.2,0.3,1.7
Nate Wolters,UTA,Nate Wolters UTA,PG,26,5,0,3.8,0.2,1.2,0.167,0,0,,0.2,1.2,0.167,0.167,0,0,,0.2,0.2,0.4,0.2,0,0,0,0.2,0.4
Dante Cunningham,NOP,Dante Cunningham NOP,SF,30,51,24,21.9,1.9,4.4,0.44,0.7,2.1,0.324,1.3,2.3,0.547,0.518,0.4,0.7,0.556,1,2.8,3.8,0.5,0.5,0.3,0.3,1.5,5
Brandan Wright,MEM,Brandan Wright MEM,PF,30,27,1,13.6,2.1,3.7,0.576,0,0,,2.1,3.7,0.576,0.576,0.8,1.2,0.636,1.2,2.3,3.4,0.5,0.5,0.9,0.3,1.1,5
Jordan Clarkson,LAL,Jordan Clarkson LAL,SG,25,53,2,23.7,5.6,12.6,0.448,1.3,4,0.324,4.4,8.6,0.505,0.499,2,2.5,0.795,0.8,2.2,3,3.3,0.7,0.1,1.8,1.2,14.5
Delon Wright,TOR,Delon Wright TOR,PG,25,69,4,20.8,2.9,6.3,0.465,0.8,2.2,0.366,2.1,4,0.52,0.53,1.4,1.7,0.829,0.7,2.2,2.9,2.9,1,0.5,1.1,1.2,8
Guerschon Yabusele,BOS,Guerschon Yabusele BOS,PF,22,33,4,7.1,0.8,1.8,0.426,0.4,1.1,0.324,0.4,0.7,0.583,0.525,0.5,0.7,0.682,0.5,1.1,1.6,0.5,0.1,0.2,0.4,0.7,2.4
Jae Crowder,CLE,Jae Crowder CLE,SF,27,53,47,25.4,3,7.1,0.418,1.2,3.6,0.328,1.8,3.5,0.508,0.5,1.5,1.7,0.848,0.8,2.5,3.3,1.1,0.8,0.2,0.8,2.3,8.6
Joe Young,IND,Joe Young IND,PG,25,53,1,10.5,1.5,3.5,0.43,0.5,1.2,0.379,1,2.3,0.458,0.497,0.4,0.5,0.759,0.2,1,1.2,0.7,0.3,0,0.5,0.7,3.9
Nick Young,GSW,Nick Young GSW,SG,32,80,8,17.4,2.5,6.1,0.412,1.5,4.1,0.377,1,2,0.481,0.538,0.7,0.8,0.862,0.3,1.3,1.6,0.5,0.5,0.1,0.5,1.3,7.3
Thaddeus Young,IND,Thaddeus Young IND,PF,29,81,81,32.2,5.2,10.7,0.487,0.7,2.2,0.32,4.5,8.4,0.531,0.521,0.7,1.1,0.598,2.3,4,6.3,1.9,1.7,0.4,1.3,2.2,11.8
Cody Zeller,CHO,Cody Zeller CHO,C,25,33,0,19,2.6,4.7,0.545,0.1,0.1,0.667,2.5,4.6,0.542,0.551,1.8,2.6,0.718,2,3.3,5.4,0.9,0.4,0.6,1,2.5,7.1
Tyler Zeller,TOT,Tyler Zeller TOT,C,28,66,34,16.8,2.8,5.1,0.56,0.2,0.4,0.357,2.7,4.6,0.578,0.575,0.9,1.2,0.722,1.7,3,4.6,0.7,0.2,0.5,0.7,1.9,6.7
Doug McDermott,NYK,Doug McDermott NYK,SF,26,55,1,21.3,2.7,6,0.46,1,2.5,0.387,1.8,3.5,0.513,0.541,0.7,1,0.755,0.6,1.8,2.4,0.9,0.2,0.2,0.6,1.3,7.2
Tyler Zeller,MIL,Tyler Zeller MIL,C,28,24,1,16.9,2.6,4.4,0.59,0,0.1,0,2.6,4.3,0.602,0.59,0.7,0.8,0.895,2,2.7,4.6,0.8,0.3,0.6,0.5,2,5.9
Paul Zipser,CHI,Paul Zipser CHI,SF,23,54,12,15.3,1.5,4.3,0.346,0.7,2,0.336,0.8,2.3,0.355,0.425,0.4,0.5,0.76,0.2,2.2,2.4,0.9,0.4,0.3,0.8,1.6,4
Ante Zizic,CLE,Ante Zizic CLE,C,21,32,2,6.7,1.5,2.1,0.731,0,0,,1.5,2.1,0.731,0.731,0.7,0.9,0.724,0.8,1.1,1.9,0.2,0.1,0.4,0.3,0.9,3.7
Ivica Zubac,LAL,Ivica Zubac LAL,C,20,43,0,9.5,1.4,2.8,0.5,0,0,0,1.4,2.8,0.504,0.5,0.9,1.2,0.765,1,1.8,2.9,0.6,0.2,0.3,0.6,1.1,3.7
