Player,Team,Player & Team,Pos,Age,G,GS,MP,FG,FGA,FG%,3P,3PA,3P%,2P,2PA,2P%,FT,FTA,FT%,ORB,DRB,TRB,AST,STL,BLK,TOV,PF,PTS
Aaron Brooks,MIN,Aaron Brooks MIN,PG,33,32,1,189,5.3,13.1,0.406,2.1,5.9,0.355,3.2,7.2,0.447,1.5,2.1,0.727,1.3,1.9,3.2,3.8,1.1,0,2.1,5.3,14.3
Aaron Gordon,ORL,Aaron Gordon ORL,PF,22,58,57,1909,7.1,16.3,0.434,2.2,6.4,0.336,4.9,9.9,0.497,3,4.2,0.698,1.6,7,8.6,2.6,1.1,0.8,2,2.1,19.3
Aaron Harrison,DAL,Aaron Harrison DAL,SG,23,9,3,233,2.9,10.7,0.275,1.4,6.6,0.209,1.5,4,0.385,2,2.6,0.765,0.6,3.1,3.7,1.7,1.4,0.3,0.5,4.2,9.3
Aaron Jackson,HOU,Aaron Jackson HOU,PG,31,1,0,35,3.1,9.3,0.333,1,4.1,0.25,2.1,5.1,0.4,1,2.1,0.5,2.1,1,3.1,1,0,0,1,4.1,8.2
Abdel Nader,BOS,Abdel Nader BOS,SF,24,48,1,522,3.4,10.3,0.336,1.6,4.5,0.354,1.9,5.8,0.321,1.6,2.7,0.59,0.9,4,4.9,1.8,1,0.7,2.3,3.1,10.1
Adreian Payne,ORL,Adreian Payne ORL,PF,26,5,0,43,5.9,8.4,0.7,1.7,2.5,0.667,4.2,5.9,0.714,4.2,5,0.833,1.7,5.9,7.5,0,1.7,0,1.7,5,17.6
Al Horford,BOS,Al Horford BOS,C,31,72,72,2277,5.8,11.9,0.489,1.5,3.6,0.429,4.3,8.3,0.514,1.5,1.9,0.783,1.6,6.8,8.4,5.4,0.7,1.2,2.1,2.2,14.7
Al Jefferson,IND,Al Jefferson IND,C,33,36,1,484,8.3,15.5,0.534,0,0.2,0,8.3,15.2,0.541,2.2,2.7,0.833,2.2,8.4,10.6,2.2,1.2,1.7,1.6,4.9,18.7
Al-Farouq Aminu,POR,Al-Farouq Aminu POR,PF,27,69,67,2072,4,10.1,0.395,2.2,5.9,0.369,1.8,4.2,0.432,1,1.4,0.738,1.7,7.4,9.1,1.5,1.4,0.7,1.4,2.4,11.2
Alan Williams,PHO,Alan Williams PHO,PF,25,5,0,70,3.6,9.3,0.389,0,0,,3.6,9.3,0.389,3.1,4.6,0.667,1.5,9.8,11.3,4.1,2.6,0.5,3.6,6.7,10.3
Alec Burks,UTA,Alec Burks UTA,SG,26,64,1,1059,5.8,14.1,0.411,1.6,4.8,0.331,4.2,9.2,0.452,3.6,4.2,0.863,0.6,5.9,6.5,2.3,1.3,0.3,2,2.5,16.8
Alec Peters,PHO,Alec Peters PHO,PF,22,20,0,225,4.5,11.8,0.378,2.9,9.3,0.31,1.6,2.6,0.625,1.3,1.6,0.8,1.3,4.6,5.9,1.9,0.3,0.3,0.6,2.1,13.1
Alex Abrines,OKC,Alex Abrines OKC,SG,24,75,8,1134,3.7,9.2,0.395,2.7,7,0.38,1,2.2,0.443,1.2,1.5,0.848,0.8,2.8,3.6,0.9,1.2,0.3,0.8,3.9,11.2
Alex Caruso,LAL,Alex Caruso LAL,PG,23,37,7,562,3.2,7.4,0.431,0.8,2.8,0.302,2.4,4.7,0.507,1.3,1.9,0.7,1,3.2,4.2,4.8,1.5,0.6,2.7,3.3,8.6
Alex Len,PHO,Alex Len PHO,C,24,69,13,1395,5.5,9.8,0.566,0,0.1,0.333,5.5,9.7,0.568,4.1,6,0.684,4.5,8.9,13.4,2.1,0.7,1.6,2,4.1,15.1
Alex Poythress,IND,Alex Poythress IND,PF,24,25,0,104,3.8,9,0.423,1.4,3.8,0.364,2.4,5.2,0.467,0,0,,2.4,3.5,5.9,0.7,1,0.3,0.7,5.5,9
Alfonzo McKinnie,TOR,Alfonzo McKinnie TOR,SF,25,14,0,53,5.4,10.2,0.533,2,6.1,0.333,3.4,4.1,0.833,1.4,2,0.667,0.7,4.1,4.8,0.7,0.7,0.7,2,5.4,14.3
Allen Crabbe,BRK,Allen Crabbe BRK,SG,25,75,68,2197,5.5,13.6,0.407,3.3,8.7,0.378,2.2,4.8,0.461,1.9,2.2,0.852,0.5,4.9,5.3,1.9,0.8,0.6,1.3,2.8,16.2
Amir Johnson,PHI,Amir Johnson PHI,C,30,74,18,1171,4.3,8,0.538,0.3,1,0.313,4,7,0.57,1.6,2.6,0.612,3.8,6.4,10.1,3.6,1.4,1.4,1.7,5.9,10.5
Andre Drummond,DET,Andre Drummond DET,C,24,78,78,2625,6.4,12.1,0.529,0,0.2,0,6.4,11.9,0.536,3.3,5.4,0.605,5.5,11.6,17.1,3.3,1.6,1.7,2.7,3.4,16.1
Andre Iguodala,GSW,Andre Iguodala GSW,SF,34,64,7,1622,3.3,7.1,0.463,0.7,2.6,0.282,2.6,4.5,0.567,1.2,1.9,0.632,1.1,4.4,5.5,4.7,1.2,0.8,1.5,2.2,8.5
Andre Ingram,LAL,Andre Ingram LAL,SG,32,2,0,64,4.5,9.6,0.471,2.8,5.1,0.556,1.7,4.5,0.375,1.7,1.7,1,0.6,2.8,3.4,3.9,1.7,1.7,1.7,1.7,13.5
Andre Roberson,OKC,Andre Roberson OKC,SG,26,39,39,1037,3,5.6,0.537,0.3,1.2,0.222,2.7,4.4,0.627,0.4,1.3,0.316,2.6,3.8,6.4,1.6,1.6,1.2,1,3.1,6.7
Andrew Bogut,LAL,Andrew Bogut LAL,C,33,24,5,216,2.8,4.2,0.68,0,0,,2.8,4.2,0.68,0.3,0.3,1,4.3,8.7,13,2.5,0.7,2.2,3.2,6.7,6
Andrew Harrison,MEM,Andrew Harrison MEM,PG,23,56,46,1326,4.9,11.6,0.422,1.3,3.9,0.331,3.6,7.8,0.467,3.4,4.3,0.78,0.6,2.9,3.6,4.8,1,0.7,2.2,3.7,14.5
Andrew White,ATL,Andrew White ATL,SF,24,15,0,209,4.3,12.6,0.342,3.1,8.4,0.367,1.2,4.1,0.292,0.2,0.7,0.25,0.7,5.2,5.9,1,0.5,0.2,1.4,2.1,11.9
Andrew Wiggins,MIN,Andrew Wiggins MIN,SF,22,82,82,2979,6.9,15.7,0.438,1.4,4.1,0.331,5.5,11.6,0.475,2.4,3.8,0.643,1,3.3,4.3,1.9,1.1,0.6,1.7,2,17.5
Ante Zizic,CLE,Ante Zizic CLE,C,21,32,2,214,8.2,11.3,0.731,0,0,,8.2,11.3,0.731,3.5,4.9,0.724,4,6.1,10.1,0.8,0.3,2.2,1.9,5,20
Anthony Brown,MIN,Anthony Brown MIN,SF,25,1,0,4,9,9,1,9,9,1,0,0,,0,0,,0,0,0,9,0,0,0,0,27
Anthony Davis,NOP,Anthony Davis NOP,PF,24,75,75,2727,10.3,19.3,0.534,0.7,2.1,0.34,9.6,17.2,0.558,6.5,7.9,0.828,2.5,8.5,11,2.3,1.5,2.5,2.1,2.1,27.9
Anthony Tolliver,DET,Anthony Tolliver DET,PF,32,79,14,1757,4.5,9.7,0.464,3.3,7.5,0.436,1.2,2.2,0.561,2.2,2.7,0.797,1,3.9,4.9,1.8,0.7,0.4,1.2,3,14.4
Antonio Blakeney,CHI,Antonio Blakeney CHI,SG,21,19,0,314,6.1,16.4,0.371,1.7,6,0.288,4.4,10.4,0.418,3.4,4.5,0.769,0.5,3.3,3.8,2.3,0.8,0.1,1.3,2.2,17.3
Antonius Cleveland,ATL,Antonius Cleveland TOT,SG,23,17,0,123,2.3,6.1,0.381,0.9,1.2,0.75,1.5,5,0.294,1.2,1.8,0.667,0.9,3.2,4.1,0.6,2,1.5,2,6.7,6.7
Aron Baynes,BOS,Aron Baynes BOS,C,31,81,67,1485,5.1,10.8,0.471,0.1,0.5,0.143,5,10.3,0.487,1.4,1.9,0.756,3.2,7.4,10.5,2.3,0.5,1.2,1.9,4.8,11.7
Arron Afflalo,ORL,Arron Afflalo ORL,SG,32,53,3,682,3.4,8.6,0.401,1.4,3.7,0.386,2,4.9,0.413,1.2,1.4,0.846,0.2,3.3,3.5,1.6,0.2,0.5,1.1,3,9.4
Austin Rivers,LAC,Austin Rivers LAC,SG,25,61,59,2057,6,14.1,0.424,2.4,6.3,0.378,3.6,7.8,0.461,1.8,2.8,0.642,0.5,2.1,2.5,4.2,1.3,0.3,1.9,2.7,16.1
Avery Bradley,LAC,Avery Bradley TOT,SG,27,46,46,1433,6.5,15.7,0.414,1.9,5.1,0.369,4.6,10.6,0.436,1.6,2.1,0.768,0.6,2.4,2.9,2.4,1.3,0.2,2.5,2.3,16.5
Bam Adebayo,MIA,Bam Adebayo MIA,C,20,69,19,1368,4.6,8.9,0.512,0,0.2,0,4.6,8.8,0.523,3.4,4.7,0.721,3.1,6.9,10,2.7,0.8,1.1,1.7,3.6,12.6
Ben McLemore,MEM,Ben McLemore MEM,SG,24,56,17,1091,5.2,12.3,0.421,1.8,5.2,0.346,3.4,7.1,0.477,1.7,2.1,0.828,1.1,3.5,4.6,1.7,1.3,0.5,2,4.6,13.9
Ben Moore,IND,Ben Moore IND,PF,22,2,0,9,0,0,,0,0,,0,0,,0,0,,0,4,4,4,0,0,0,16,0
Ben Simmons,PHI,Ben Simmons PHI,PG,21,81,81,2732,7.2,13.2,0.545,0,0.1,0,7.2,13,0.551,2.5,4.5,0.56,1.9,6.8,8.7,8.7,1.8,0.9,3.7,2.8,16.9
Bismack Biyombo,ORL,Bismack Biyombo ORL,C,25,82,25,1495,4.4,8.5,0.52,0,0,0,4.4,8.5,0.521,2.5,3.8,0.65,3.5,7.8,11.3,1.6,0.5,2.3,2,3.8,11.3
Blake Griffin,DET,Blake Griffin TOT,PF,28,58,58,1970,8,18.2,0.438,2,5.9,0.345,5.9,12.3,0.482,4.7,6,0.785,1.3,6.5,7.8,6.1,0.7,0.3,3,2.5,22.7
Boban Marjanovic,LAC,Boban Marjanovic TOT,C,29,39,1,337,8.4,15.8,0.534,0,0,,8.4,15.8,0.534,8.2,10.4,0.794,5.1,10.3,15.4,2.4,1.1,1.2,3.8,5.4,25.1
Bobby Brown,HOU,Bobby Brown HOU,PG,33,20,0,115,5.9,18.2,0.328,3.4,12.5,0.275,2.5,5.6,0.444,0.3,0.6,0.5,0,2.2,2.2,3.4,1.3,0,2.8,1.9,15.7
Bobby Portis,CHI,Bobby Portis CHI,PF,22,73,4,1643,8.4,17.8,0.471,1.8,4.9,0.359,6.6,12.9,0.514,2.6,3.4,0.769,3.5,7.4,10.9,2.7,1.1,0.5,2.3,2.8,21.1
Bogdan Bogdanovi?,SAC,Bogdan Bogdanovi? SAC,SG,25,78,53,2175,5.7,12.8,0.446,2.1,5.4,0.392,3.6,7.3,0.485,1.7,2,0.84,0.5,3.2,3.7,4.3,1.2,0.3,2.1,2.8,15.2
Bojan Bogdanovi?,IND,Bojan Bogdanovi? IND,SF,28,80,80,2464,5.9,12.4,0.474,2.3,5.6,0.402,3.6,6.8,0.534,2.6,3,0.868,0.4,3.5,3.9,1.7,0.8,0.1,1.5,1.9,16.7
Bradley Beal,WAS,Bradley Beal WAS,SG,24,82,82,2977,8.3,17.9,0.46,2.4,6.4,0.375,5.9,11.5,0.507,3.5,4.5,0.791,0.7,3.7,4.4,4.5,1.2,0.4,2.6,1.9,22.5
Brandan Wright,HOU,Brandan Wright TOT,PF,30,28,1,381,5.6,9.6,0.578,0,0,,5.6,9.6,0.578,2,3.1,0.636,3.1,5.9,9,1.2,1.2,2.5,0.8,3,13.1
Brandon Ingram,LAL,Brandon Ingram LAL,SF,20,59,59,1975,6.5,13.9,0.47,0.7,1.9,0.39,5.8,12,0.483,3.5,5.1,0.681,1,4.7,5.7,4.2,0.8,0.8,2.7,3,17.3
Brandon Jennings,MIL,Brandon Jennings MIL,PG,28,14,0,205,4.7,12.6,0.375,1.6,5.8,0.273,3.2,6.8,0.462,1.8,1.8,1,0.9,4.6,5.4,7.7,1.1,0.7,3.2,1.9,12.8
Brandon Paul,SAS,Brandon Paul SAS,SG,26,64,2,576,3.4,7.9,0.433,0.9,3.4,0.278,2.5,4.6,0.548,1.4,2.7,0.512,0.4,3.9,4.2,2.3,1.6,0.4,1.8,3.6,9.2
Briante Weber,MEM,Briante Weber TOT,PG,25,18,0,237,2.9,6.5,0.442,0.6,1.7,0.364,2.3,4.9,0.469,1.2,1.5,0.8,1.2,4.1,5.3,3.3,2.7,0.8,2.3,4.3,7.6
Brice Johnson,MEM,Brice Johnson TOT,PF,23,18,0,98,7.3,15.4,0.476,0,0.4,0,7.3,15.1,0.488,1.1,1.8,0.6,3.3,8.1,11.4,0.7,3.3,2.2,1.8,4.8,15.8
Brook Lopez,LAL,Brook Lopez LAL,C,29,74,72,1735,7.7,16.5,0.465,2.3,6.7,0.345,5.3,9.7,0.549,2.3,3.3,0.703,1.5,4.6,6.1,2.6,0.6,2,2,4,19.9
Bruno Caboclo,SAC,Bruno Caboclo TOT,SF,22,12,0,107,3,10.4,0.29,1,5.7,0.176,2,4.7,0.429,1.7,2,0.833,2.4,5,7.4,1.3,1,1.3,1.3,2.7,8.7
Bryn Forbes,SAS,Bryn Forbes SAS,SG,24,80,12,1517,5,11.8,0.421,2.1,5.4,0.39,2.8,6.4,0.446,1.1,1.7,0.667,0.3,2.3,2.6,1.9,0.7,0,0.9,2.6,13.2
Buddy Hield,SAC,Buddy Hield SAC,SG,25,80,12,2024,7.4,16.6,0.446,3.1,7.3,0.431,4.3,9.3,0.457,1.3,1.4,0.877,1,4.5,5.5,2.8,1.5,0.4,2.2,2.6,19.2
C.J. McCollum,POR,C.J. McCollum POR,SG,26,81,81,2923,8.2,18.5,0.443,2.3,5.9,0.397,5.9,12.7,0.465,2.6,3.1,0.836,0.7,3.3,4,3.3,0.9,0.4,1.9,2.1,21.3
C.J. Miles,TOR,C.J. Miles TOR,SF,30,70,3,1337,6.1,16.1,0.379,4.4,12.2,0.361,1.7,3.9,0.434,2.2,2.6,0.835,0.5,3.6,4.1,1.5,1,0.6,1.1,3.6,18.8
C.J. Williams,LAC,C.J. Williams LAC,SG,27,38,17,707,4.4,10,0.442,1.1,4,0.282,3.3,6.1,0.546,0.7,0.8,0.813,0.6,2.2,2.9,2.2,1.6,0.7,1,3.2,10.6
Caleb Swanigan,POR,Caleb Swanigan POR,PF,20,27,3,189,4.6,11.4,0.4,0.2,1.5,0.125,4.4,9.9,0.442,2.3,3.4,0.667,2.9,7.4,10.3,2.7,1,0.6,3.4,7,11.6
Cameron Payne,CHI,Cameron Payne CHI,PG,23,25,14,582,5.4,13.3,0.405,2.2,5.6,0.385,3.2,7.7,0.419,0.7,1,0.75,1.1,3.2,4.3,7,1.6,0.6,2.2,2.7,13.7
Caris LeVert,BRK,Caris LeVert BRK,SF,23,71,10,1864,6.2,14.2,0.435,1.6,4.7,0.347,4.5,9.5,0.48,2.6,3.6,0.711,1,4,5,5.8,1.6,0.4,3,3.1,16.6
Carmelo Anthony,OKC,Carmelo Anthony OKC,PF,33,78,78,2501,6.8,16.8,0.404,2.4,6.8,0.357,4.4,10,0.437,2.1,2.8,0.767,1,5.6,6.5,1.5,0.7,0.7,1.4,2.8,18.2
Cedi Osman,CLE,Cedi Osman CLE,SF,22,61,12,672,4.8,10,0.484,1.7,4.7,0.368,3.1,5.3,0.586,1.4,2.5,0.565,1,5.4,6.4,2.2,1.2,0.2,1.7,4.2,12.7
Chandler Parsons,MEM,Chandler Parsons MEM,SF,29,36,8,691,5.6,12.2,0.462,2.7,6.3,0.421,3,5.9,0.504,0.9,1.4,0.63,0.7,4,4.7,3.6,0.9,0.6,1.8,2.8,14.8
Channing Frye,LAL,Channing Frye TOT,C,34,53,1,695,5.4,11,0.491,2,6,0.339,3.4,5,0.67,0.9,1,0.895,0.6,6.4,7,2,0.9,0.7,1.1,3.6,13.7
Charles Cooke,NOP,Charles Cooke NOP,SG,23,13,0,38,1.9,13.3,0.143,0.9,7.6,0.125,0.9,5.7,0.167,0.9,1.9,0.5,0,1.9,1.9,0.9,0.9,0,0.9,0,5.7
Cheick Diallo,NOP,Cheick Diallo NOP,PF,21,52,0,581,6.3,10.9,0.58,0,0,,6.3,10.9,0.58,3.1,4.1,0.758,2.9,10.2,13.1,1.2,0.7,1.3,1.7,5.1,15.7
Chinanu Onuaku,HOU,Chinanu Onuaku HOU,C,21,1,0,22,3.3,8.2,0.4,0,0,,3.3,8.2,0.4,0,0,,1.6,4.9,6.5,1.6,0,0,4.9,6.5,6.5
Chris Boucher,GSW,Chris Boucher GSW,PF,25,1,0,1,0,36,0,0,36,0,0,0,,0,0,,0,36,36,0,0,0,0,0,0
Chris McCullough,WAS,Chris McCullough WAS,PF,22,19,0,90,7.2,16.8,0.429,0.4,3.2,0.125,6.8,13.6,0.5,3.6,5.6,0.643,2.8,7.2,10,1.6,0,2,0.8,3.2,18.4
Chris Paul,HOU,Chris Paul HOU,PG,32,58,58,1847,7.2,15.6,0.46,2.8,7.4,0.38,4.3,8.2,0.532,4,4.3,0.919,0.7,5.4,6.1,8.9,1.9,0.3,2.5,2.7,21.1
Clint Capela,HOU,Clint Capela HOU,C,23,74,74,2034,7.8,12,0.652,0,0,0,7.8,11.9,0.653,2.5,4.5,0.56,4.3,9.9,14.2,1.2,1,2.4,1.8,3.3,18.2
Cody Zeller,CHO,Cody Zeller CHO,C,25,33,0,627,4.9,9,0.545,0.1,0.2,0.667,4.8,8.8,0.542,3.5,4.9,0.718,3.8,6.3,10.2,1.8,0.8,1.2,1.9,4.7,13.4
Cole Aldrich,MIN,Cole Aldrich MIN,C,29,21,0,49,3.7,11,0.333,0,0,,3.7,11,0.333,1.5,4.4,0.333,2.2,8.8,11,2.2,1.5,0.7,0.7,8.1,8.8
Corey Brewer,OKC,Corey Brewer TOT,SF-SG,31,72,18,1208,4.2,9.4,0.449,0.9,3.3,0.282,3.3,6.1,0.539,1.9,2.7,0.722,1.3,3.3,4.6,1.9,2.4,0.4,1.5,4.1,11.3
Cory Joseph,IND,Cory Joseph IND,PG,26,82,17,2210,4.2,9.8,0.424,1.1,3.1,0.353,3.1,6.7,0.457,1.1,1.5,0.745,0.6,3.6,4.3,4.2,1.3,0.3,1.4,2.3,10.6
Courtney Lee,NYK,Courtney Lee NYK,SG,32,76,69,2310,5.3,11.8,0.454,1.8,4.3,0.406,3.6,7.4,0.482,1.8,1.9,0.919,0.5,3,3.5,2.8,1.2,0.3,1.3,1.7,14.2
Cristiano Felicio,CHI,Cristiano Felicio CHI,C,25,55,16,977,4.7,7.9,0.591,0,0.1,0,4.7,7.8,0.596,2,3,0.667,3.1,5.5,8.6,2,0.6,0.4,2,3.8,11.3
D?vis Bert?ns,SAS,D?vis Bert?ns SAS,PF,25,77,10,1086,5.3,12.1,0.44,3.1,8.4,0.373,2.2,3.8,0.588,1.3,1.6,0.816,0.6,4.5,5.1,2.5,0.9,0.9,1.2,3.1,15.1
D.J. Augustin,ORL,D.J. Augustin ORL,PG,30,75,36,1760,5,11,0.452,2.3,5.6,0.419,2.7,5.5,0.485,3.4,3.9,0.868,0.6,2.7,3.3,5.9,1.1,0,2.5,1.9,15.7
D.J. Wilson,MIL,D.J. Wilson MIL,PF,21,22,0,71,4.6,8.1,0.563,1,2.5,0.4,3.5,5.6,0.636,0.5,1,0.5,1,4.1,5.1,1.5,1.5,0.5,2,3.5,10.6
D'Angelo Russell,BRK,D'Angelo Russell BRK,PG,21,48,35,1234,8.1,19.6,0.414,2.6,8.1,0.324,5.5,11.5,0.477,2.8,3.8,0.74,0.9,4.6,5.5,7.3,1.1,0.5,4.3,2.7,21.7
Dakari Johnson,OKC,Dakari Johnson OKC,C,22,31,6,161,4.9,8.7,0.564,0,0,,4.9,8.7,0.564,2.5,4.5,0.55,3.6,4,7.6,1.8,1.3,1.8,0.7,6,12.3
Damian Jones,GSW,Damian Jones GSW,C,22,15,0,89,4.4,8.9,0.5,0,0,,4.4,8.9,0.5,1.2,2,0.6,2,3.6,5.7,0.8,0.4,1.2,1.6,5.7,10.1
Damian Lillard,POR,Damian Lillard POR,PG,27,73,73,2670,8.4,19.1,0.439,3.1,8.5,0.361,5.3,10.6,0.501,6.6,7.3,0.916,0.8,3.5,4.4,6.5,1,0.4,2.8,1.6,26.5
Damien Wilkins,IND,Damien Wilkins IND,SF,38,19,1,152,3.1,9.2,0.333,0.9,4.3,0.222,2.1,5,0.429,0.7,0.9,0.75,1.2,2.6,3.8,2.1,0.5,0.2,1.2,1.7,7.8
Damion Lee,ATL,Damion Lee ATL,SG,25,15,11,404,5.5,13.5,0.408,1.3,5.3,0.25,4.2,8.2,0.511,2,2.6,0.759,1,5.3,6.3,2.6,1.7,0.1,1.2,2.2,14.3
Damyean Dotson,NYK,Damyean Dotson NYK,SG,23,44,2,474,5.5,12.2,0.447,1.7,5.2,0.324,3.8,7.1,0.538,1.2,1.7,0.696,0.7,5.7,6.4,2.4,0.9,0.2,1.3,2.6,13.8
Daniel Hamilton,OKC,Daniel Hamilton OKC,SG,22,6,0,28,6.4,14.1,0.455,2.6,6.4,0.4,3.9,7.7,0.5,0,0,,0,6.4,6.4,10.3,1.3,0,2.6,2.6,15.4
Daniel Theis,BOS,Daniel Theis BOS,C,25,63,3,936,4.8,9,0.541,0.7,2.2,0.31,4.2,6.7,0.617,2.3,3.1,0.753,3.5,7.1,10.5,2.2,1.2,1.8,2.2,6,12.7
Danilo Gallinari,LAC,Danilo Gallinari LAC,SF,29,21,21,671,5.5,13.7,0.398,1.9,6,0.324,3.5,7.8,0.455,4.3,4.7,0.931,0.5,4.9,5.4,2.2,0.6,0.5,1.4,1.6,17.2
Danny Green,SAS,Danny Green SAS,SG,30,70,60,1791,4.4,11.3,0.387,2.3,6.4,0.363,2,4.8,0.419,1,1.3,0.769,0.8,4.2,5,2.2,1.3,1.6,1.5,2.5,12.1
Dante Cunningham,BRK,Dante Cunningham TOT,SF,30,73,25,1562,3.8,8.4,0.451,1.3,3.9,0.345,2.4,4.5,0.541,0.7,1.2,0.596,1.8,5.1,6.9,1.1,0.9,0.7,0.8,2.6,9.6
Dante Exum,UTA,Dante Exum UTA,PG,22,14,0,235,6.4,13.3,0.483,0.8,2.8,0.278,5.7,10.6,0.536,3.8,4.7,0.806,0.6,3.4,4,6.6,1.2,0.5,3.1,3.1,17.5
Danuel House,PHO,Danuel House PHO,SG,24,23,3,403,5,11.5,0.434,1.3,5.2,0.259,3.7,6.3,0.577,2.2,2.8,0.806,1.2,5.6,6.8,2.2,0.6,0.5,1,2.1,13.6
Dario Saric,PHI,Dario Saric PHI,PF,23,78,73,2310,6.3,13.9,0.453,2.4,6.2,0.393,3.8,7.7,0.501,2.8,3.2,0.86,2.4,5.7,8.1,3.1,0.8,0.3,2.3,2.5,17.8
Darius Miller,NOP,Darius Miller NOP,SF,27,82,3,1944,4,9,0.444,2.7,6.6,0.411,1.3,2.4,0.535,1.1,1.2,0.866,0.3,2.7,3,2.1,0.5,0.3,1.1,3,11.8
Darrell Arthur,DEN,Darrell Arthur DEN,PF,29,19,1,141,5.6,12,0.468,2,5.9,0.348,3.6,6.1,0.583,0.5,0.8,0.667,0.8,3.1,3.8,2.3,2,0.8,3.8,5.6,13.8
Darren Collison,IND,Darren Collison IND,PG,30,69,64,2018,5.6,11.4,0.495,1.7,3.7,0.468,3.9,7.7,0.508,2.3,2.6,0.882,0.7,2.5,3.2,6.6,1.6,0.3,1.5,2.2,15.3
Darrun Hilliard,SAS,Darrun Hilliard SAS,SG,24,14,0,95,1.9,7.2,0.263,0,2.3,0,1.9,4.9,0.385,2.3,2.7,0.857,0,2.7,2.7,4.2,0.8,0,1.5,2.7,6.1
David Nwaba,CHI,David Nwaba CHI,SG,25,70,21,1646,4.4,9.3,0.478,0.4,1.1,0.346,4,8.1,0.496,2.9,4.4,0.655,1.9,5.2,7.1,2.3,1.3,0.6,1.7,3.5,12.1
David Stockton,UTA,David Stockton UTA,PG,26,3,0,9,8,12,0.667,8,12,0.667,0,0,,16,16,1,0,0,0,0,0,0,4,12,40
David West,GSW,David West GSW,C,37,73,0,999,7.8,13.6,0.571,0.1,0.3,0.375,7.7,13.3,0.576,2.2,2.8,0.759,2.3,6.3,8.6,5,1.7,2.7,2.9,4.3,17.8
Davon Reed,PHO,Davon Reed PHO,SG,22,21,1,242,3.3,11.3,0.289,1.6,5.7,0.289,1.6,5.7,0.289,1.2,1.8,0.667,0.3,5.5,5.8,1.9,1.5,0.3,1.5,2.5,9.4
De'Aaron Fox,SAC,De'Aaron Fox SAC,PG,20,73,60,2026,5.8,14.2,0.412,0.8,2.7,0.307,5,11.4,0.436,2.5,3.5,0.723,0.6,3,3.6,5.7,1.2,0.4,3.1,2.9,15
DeAndre Jordan,LAC,DeAndre Jordan LAC,C,29,77,77,2424,5.5,8.6,0.645,0,0,,5.5,8.6,0.645,2.7,4.6,0.58,4.9,12.5,17.4,1.7,0.6,1.1,2,3,13.8
DeAndre Liggins,NOP,DeAndre Liggins TOT,SG,29,58,4,724,2,5.3,0.377,0.9,2.6,0.358,1,2.6,0.396,0.1,0.2,0.4,0.3,3.4,3.7,2.4,1.8,0.7,1,4,5
DeAndre' Bembry,ATL,DeAndre' Bembry ATL,SF,23,26,3,455,4.2,10.1,0.414,0.9,2.4,0.367,3.3,7.8,0.429,1.5,2.6,0.576,0.6,5.1,5.7,3.9,1.7,0.9,3.7,3,10.8
Dejounte Murray,SAS,Dejounte Murray SAS,PG,21,81,48,1743,5.6,12.6,0.443,0.2,0.7,0.265,5.4,11.9,0.454,2.2,3.1,0.709,2.3,7.2,9.5,4.8,2,0.6,2.8,3.1,13.5
Delon Wright,TOR,Delon Wright TOR,PG,25,69,4,1433,5,10.9,0.465,1.4,3.8,0.366,3.6,7,0.52,2.4,2.9,0.829,1.1,3.8,5,5,1.8,0.8,2,2,13.9
DeMar DeRozan,TOR,DeMar DeRozan TOR,SG,28,80,80,2711,8.6,18.8,0.456,1.2,3.8,0.31,7.4,15,0.494,6.1,7.4,0.825,0.8,3.4,4.2,5.5,1.1,0.3,2.3,2,24.4
DeMarcus Cousins,NOP,DeMarcus Cousins NOP,C,27,48,48,1737,8.4,17.9,0.47,2.2,6.1,0.354,6.3,11.8,0.53,6.1,8.2,0.746,2.2,10.6,12.8,5.3,1.6,1.6,5,3.8,25.1
DeMarre Carroll,BRK,DeMarre Carroll BRK,PF,31,73,73,2180,5.4,13,0.414,2.4,6.5,0.371,3,6.5,0.457,3.1,4.1,0.764,1.7,6.2,7.9,2.4,1,0.5,1.7,2.7,16.2
Demetrius Jackson,PHI,Demetrius Jackson TOT,PG,23,15,0,80,3.2,8.1,0.389,0.5,3.2,0.143,2.7,5,0.545,0.5,0.9,0.5,2.3,3.2,5.4,4.1,2.3,0.5,4.5,3.2,7.2
Dennis Schroder,ATL,Dennis Schroder ATL,PG,24,67,67,2078,8.7,19.9,0.436,1.3,4.5,0.29,7.3,15.3,0.48,3.9,4.6,0.849,0.8,2.8,3.6,7.2,1.2,0.1,3.2,2.5,22.5
Dennis Smith,DAL,Dennis Smith DAL,PG,20,69,69,2049,7.1,18,0.395,1.9,6,0.313,5.2,12,0.435,2.4,3.4,0.694,0.9,3.7,4.6,6.3,1.2,0.3,3.4,2.7,18.4
Denzel Valentine,CHI,Denzel Valentine CHI,SG,24,77,37,2095,5.2,12.4,0.417,2.5,6.4,0.386,2.7,6,0.45,0.7,0.9,0.745,0.8,5.9,6.8,4.2,1.1,0.2,1.7,3.2,13.5
Derrick Favors,UTA,Derrick Favors UTA,C,26,77,77,2153,6.6,11.7,0.563,0.2,1.1,0.222,6.4,10.7,0.596,2.3,3.6,0.651,3.3,5.9,9.2,1.7,0.9,1.4,1.5,2.7,15.8
Derrick Jones,MIA,Derrick Jones TOT,SF,20,20,8,245,3.1,7.8,0.396,0.4,2.6,0.167,2.6,5.1,0.514,2.4,3.5,0.667,3.1,2.5,5.6,1.3,0.6,1.9,1,3.5,9
Derrick Rose,MIN,Derrick Rose TOT,PG,29,25,7,420,6.9,15.9,0.435,0.6,2.6,0.233,6.3,13.4,0.474,3.4,3.9,0.87,1.1,1.9,3,3.2,0.6,0.3,3,1.4,17.9
Derrick Walton,MIA,Derrick Walton MIA,PG,22,16,0,147,2,6.1,0.32,1.7,4.2,0.412,0.2,2,0.125,1.5,1.5,1,0.5,3.4,3.9,3.9,1.7,0.7,0.5,1.7,7.1
Derrick White,SAS,Derrick White SAS,PG,23,17,0,139,4.1,8.5,0.485,2.1,3.4,0.615,2.1,5.2,0.4,3.6,5.2,0.7,1.3,5.4,6.7,2.3,1,0.8,1.6,2.1,14
Derrick Williams,LAL,Derrick Williams LAL,PF,26,2,0,9,4,16,0.25,0,8,0,4,8,0.5,0,0,,0,4,4,0,0,0,0,0,8
Devin Booker,PHO,Devin Booker PHO,SG,21,54,54,1865,8.8,20.3,0.432,2.8,7.4,0.383,5.9,12.9,0.46,5.6,6.4,0.878,0.5,4.2,4.7,4.9,0.9,0.3,3.7,3.2,26
Devin Harris,DEN,Devin Harris TOT,PG,34,71,1,1340,5,12.2,0.412,2.1,6.1,0.348,2.9,6.1,0.476,3.8,4.6,0.835,0.3,3.1,3.4,4.1,1.3,0.3,2,4.2,16
Devin Robinson,WAS,Devin Robinson WAS,SF,22,1,0,13,2.8,8.3,0.333,0,0,,2.8,8.3,0.333,0,0,,5.5,8.3,13.8,0,2.8,0,0,5.5,5.5
Dewayne Dedmon,ATL,Dewayne Dedmon ATL,C,28,62,46,1542,5.8,11.1,0.524,1.2,3.3,0.355,4.7,7.8,0.595,1.6,2,0.779,2.3,9.1,11.4,2.1,0.9,1.2,2,3.8,14.4
Deyonta Davis,MEM,Deyonta Davis MEM,C,21,62,6,943,6.1,10.1,0.608,0,0,,6.1,10.1,0.608,1.5,2.2,0.667,2.9,6.7,9.5,1.5,0.6,1.5,1.2,4.8,13.7
Dillon Brooks,MEM,Dillon Brooks MEM,SF,22,82,74,2350,5.2,11.8,0.44,1.4,4,0.356,3.8,7.8,0.484,1.9,2.5,0.747,0.8,3.2,3.9,2.1,1.1,0.3,1.9,3.6,13.8
Dion Waiters,MIA,Dion Waiters MIA,SG,26,30,30,918,6.4,16.1,0.398,2,6.7,0.306,4.4,9.4,0.463,2,2.7,0.739,0.3,2.7,3,4.4,0.9,0.4,2.7,2.4,16.8
Dirk Nowitzki,DAL,Dirk Nowitzki DAL,C,39,77,77,1900,6.6,14.4,0.456,2.6,6.4,0.409,3.9,8,0.494,1.8,2,0.898,0.4,7.9,8.3,2.3,0.8,0.9,1,2.8,17.6
Domantas Sabonis,IND,Domantas Sabonis IND,C,21,74,19,1810,6.8,13.1,0.514,0.3,0.7,0.351,6.5,12.4,0.524,3.3,4.5,0.75,3.3,8.1,11.4,3,0.8,0.6,2.7,4.4,17.1
Donovan Mitchell,UTA,Donovan Mitchell UTA,SG,21,79,71,2638,8.1,18.6,0.437,2.6,7.5,0.34,5.6,11.1,0.502,3.3,4.1,0.805,0.7,3.3,4,4,1.6,0.4,2.9,2.9,22.1
Dorian Finney-Smith,DAL,Dorian Finney-Smith DAL,PF,24,21,13,448,3.7,9.7,0.38,1.6,5.4,0.299,2.1,4.3,0.481,0.9,1.2,0.733,1.8,4.3,6,2.1,0.8,0.3,1.7,3.5,9.9
Doug McDermott,DAL,Doug McDermott TOT,SF,26,81,4,1768,4.8,10.3,0.467,1.9,4.4,0.426,3,5.9,0.497,1.3,1.6,0.79,0.8,3.3,4.1,1.6,0.4,0.3,1.1,2.5,12.8
Dragan Bender,PHO,Dragan Bender PHO,PF,20,82,37,2069,3.3,8.4,0.386,2.1,5.6,0.366,1.2,2.8,0.426,0.7,0.9,0.765,0.7,5.6,6.3,2.3,0.4,0.9,1.9,2.9,9.2
Draymond Green,GSW,Draymond Green GSW,PF,27,70,70,2287,4.4,9.7,0.454,1.2,4,0.301,3.2,5.7,0.562,2.1,2.7,0.775,1.2,7.2,8.4,8,1.5,1.4,3.2,2.9,12.2
Dwayne Bacon,CHO,Dwayne Bacon CHO,SG,22,53,6,713,3.6,9.7,0.375,0.6,2.2,0.256,3.1,7.5,0.409,1,1.3,0.8,0.2,6.1,6.3,1.9,0.8,0.1,1.2,2.3,8.8
Dwight Buycks,DET,Dwight Buycks DET,PG,28,29,0,427,6.9,16.7,0.414,1.3,3.8,0.333,5.6,12.9,0.438,3,3.5,0.878,1,2.4,3.5,5,1.6,0.2,3.3,3.3,18.1
Dwight Howard,CHO,Dwight Howard CHO,C,32,81,81,2463,7.4,13.3,0.555,0,0.1,0.143,7.4,13.2,0.559,4.9,8.5,0.574,3.7,11.1,14.8,1.5,0.7,1.9,3,3.6,19.7
Dwight Powell,DAL,Dwight Powell DAL,C,26,79,25,1672,5.5,9.3,0.593,0.6,1.8,0.333,4.9,7.4,0.656,2.9,4,0.719,2.9,6.7,9.6,2,1.4,0.7,1.3,4,14.4
Dwyane Wade,MIA,Dwyane Wade TOT,SG,36,67,3,1536,7,16,0.438,0.7,2.6,0.288,6.3,13.4,0.468,3.2,4.4,0.714,1.2,4.7,5.9,5.3,1.4,1.1,3.3,2.9,17.9
E'Twaun Moore,NOP,E'Twaun Moore NOP,SG,28,82,80,2586,5.9,11.6,0.508,1.8,4.2,0.425,4.1,7.4,0.556,0.7,0.9,0.706,0.8,2.5,3.3,2.6,1.1,0.2,1.4,2.5,14.2
Ed Davis,POR,Ed Davis POR,C,28,78,0,1471,4.2,7.1,0.582,0,0,0,4.2,7.1,0.584,1.8,2.7,0.667,4.5,9.6,14.1,1,0.8,1.3,1.6,4.6,10.1
Edmond Sumner,IND,Edmond Sumner IND,PG,22,1,0,2,18,18,1,0,0,,18,18,1,0,0,,0,18,18,0,0,0,0,18,36
Ekpe Udoh,UTA,Ekpe Udoh UTA,C,30,63,3,810,2.7,5.3,0.5,0,0,0,2.7,5.3,0.504,1.9,2.5,0.75,3,3.6,6.7,2.4,1.9,3.3,0.9,4.7,7.2
Elfrid Payton,PHO,Elfrid Payton TOT,PG,23,63,63,1808,6.6,13.3,0.493,0.6,1.8,0.326,6,11.4,0.52,2.2,3.3,0.649,1.3,4.2,5.5,7.8,1.7,0.4,3.3,2.9,15.9
Emeka Okafor,NOP,Emeka Okafor NOP,C,35,26,19,353,4.9,9.7,0.505,0,0,,4.9,9.7,0.505,1.8,2.2,0.818,4.8,7.4,12.2,0.8,0.8,2.5,1.3,3.1,11.6
Emmanuel Mudiay,NYK,Emmanuel Mudiay TOT,PG,21,64,14,1245,5.9,15.2,0.388,1.4,4.3,0.318,4.5,10.9,0.415,2.8,3.7,0.76,0.8,3.6,4.4,6,1.2,0.3,3.3,2.3,16
Enes Kanter,NYK,Enes Kanter NYK,C,25,71,71,1830,8.3,14,0.592,0,0,0,8.3,14,0.594,3.1,3.6,0.848,5.4,10,15.3,2.1,0.7,0.7,2.4,3.7,19.7
Eric Bledsoe,MIL,Eric Bledsoe TOT,PG,28,74,74,2322,7.3,15.3,0.473,1.9,5.6,0.347,5.3,9.8,0.545,3.9,4.9,0.795,0.8,3.6,4.4,5.7,2.3,0.7,3.3,2.9,20.4
Eric Gordon,HOU,Eric Gordon HOU,SG,29,69,30,2154,6.9,16.2,0.428,3.6,10.2,0.359,3.3,6.1,0.544,3.3,4,0.809,0.4,2.4,2.8,2.6,0.7,0.5,2.2,1.9,20.8
Eric Moreland,DET,Eric Moreland DET,PF,26,67,3,805,3,5.5,0.541,0,0,,3,5.5,0.541,0.5,1.3,0.379,3.6,8.8,12.4,3.5,1.4,2.3,1.9,5.2,6.4
Erik McCree,UTA,Erik McCree UTA,SF,24,4,0,8,0,9,0,0,4.5,0,0,4.5,0,0,0,,0,4.5,4.5,0,4.5,0,4.5,0,0
Ersan Ilyasova,PHI,Ersan Ilyasova TOT,PF,30,69,43,1729,5.8,12.8,0.452,1.9,5.3,0.36,3.9,7.5,0.517,2.2,2.8,0.778,2.5,6,8.4,1.9,1.3,0.5,1.5,3.3,15.6
Evan Fournier,ORL,Evan Fournier ORL,SF,25,57,57,1837,7.2,15.7,0.459,2.5,6.6,0.379,4.7,9.2,0.516,2.9,3.4,0.867,0.5,3.1,3.5,3.2,0.9,0.3,1.9,2.7,19.9
Evan Turner,POR,Evan Turner POR,SF,29,79,40,2034,4.6,10.2,0.447,0.7,2.3,0.318,3.8,7.9,0.485,1.6,1.9,0.85,0.5,3.8,4.3,3.1,0.8,0.5,1.8,2.9,11.5
Frank Kaminsky,CHO,Frank Kaminsky CHO,PF,24,79,4,1835,6,14,0.429,2,5.4,0.38,4,8.7,0.459,3,3.8,0.799,0.9,4.7,5.7,2.5,0.7,0.4,1.3,1.9,17.1
Frank Mason,SAC,Frank Mason SAC,PG,23,52,2,984,5.3,13.9,0.379,1.1,3.1,0.36,4.1,10.8,0.384,3.4,4.2,0.817,1.1,3.7,4.8,5.4,1.2,0.4,2.4,2.6,15.1
Frank Ntilikina,NYK,Frank Ntilikina NYK,PG,19,78,9,1706,3.8,10.6,0.364,1.1,3.3,0.318,2.8,7.2,0.385,1,1.4,0.721,0.8,3,3.7,5.3,1.4,0.4,2.8,3.8,9.8
Fred VanVleet,TOR,Fred VanVleet TOR,PG,23,76,0,1520,5.5,12.9,0.426,2.6,6.2,0.414,2.9,6.7,0.437,2,2.4,0.832,0.6,3.8,4.4,5.8,1.6,0.5,1.8,3.1,15.5
Furkan Korkmaz,PHI,Furkan Korkmaz PHI,SG,20,14,0,80,3.6,12.6,0.286,2.3,7.7,0.294,1.4,5,0.273,0.9,1.8,0.5,0.9,4.1,5,1.8,0.9,0.5,0.9,5.4,10.4
Garrett Temple,SAC,Garrett Temple SAC,SG,31,65,35,1615,4.4,10.6,0.418,2,5.1,0.392,2.5,5.6,0.442,1.3,1.7,0.769,0.5,2.9,3.4,2.8,1.3,0.6,1.8,3,12.2
Gary Harris,DEN,Gary Harris DEN,SG,23,67,65,2304,6.9,14.2,0.485,2.4,6.2,0.396,4.4,8,0.553,2.1,2.5,0.827,0.6,2.2,2.7,3,1.9,0.2,1.9,1.9,18.3
Gary Payton,LAL,Gary Payton TOT,PG,25,23,6,221,4.9,12.1,0.405,1,4.1,0.24,3.9,8,0.49,0.5,1.5,0.333,2.1,5,7.2,3.4,1.1,0.5,1.1,4.9,11.2
George Hill,CLE,George Hill TOT,PG,31,67,60,1812,4.7,10.2,0.46,1.7,4.1,0.415,3,6.1,0.49,2.2,2.8,0.786,0.8,2.8,3.6,3.7,1.2,0.5,1.7,2.5,13.3
Georges Niang,UTA,Georges Niang UTA,PF,24,9,0,32,4.5,12.4,0.364,0,4.5,0,4.5,7.9,0.571,1.1,2.3,0.5,3.4,6.8,10.1,3.4,2.3,0,3.4,1.1,10.1
Georgios Papagiannis,POR,Georgios Papagiannis TOT,C,20,17,0,122,5.3,12.4,0.429,0,0,,5.3,12.4,0.429,0,0,,3.8,7.1,10.9,2.7,1.2,1.8,2.4,3.5,10.6
Gerald Green,HOU,Gerald Green HOU,SG,32,41,2,929,6.5,16,0.407,4.3,11.5,0.369,2.2,4.5,0.504,2,2.3,0.85,0.6,4.6,5.2,1,0.9,0.6,1.2,3.4,19.3
Gian Clavell,DAL,Gian Clavell DAL,SG,24,7,0,64,3.4,10.1,0.333,3.4,8.4,0.4,0,1.7,0,1.1,1.1,1,0.6,3.4,3.9,1.7,1.1,0,1.1,4.5,11.3
Giannis Antetokounmpo,MIL,Giannis Antetokounmpo MIL,PF,23,75,75,2756,9.7,18.3,0.529,0.6,1.8,0.307,9.1,16.5,0.554,6.4,8.4,0.76,2,7.8,9.8,4.7,1.4,1.4,2.9,3,26.3
Glen Robinson,IND,Glen Robinson IND,SF,24,23,1,338,3.8,9.1,0.424,1.5,3.6,0.412,2.3,5.4,0.431,1,1.2,0.818,1.2,2.8,3.9,1.8,1.4,0.1,0.5,1.5,10.1
Goran Dragi?,MIA,Goran Dragi? MIA,PG,31,75,75,2378,7.3,16.3,0.45,1.7,4.5,0.37,5.6,11.7,0.481,3.3,4.1,0.801,0.8,3.8,4.6,5.4,1,0.2,2.5,2.7,19.6
Gordon Hayward,BOS,Gordon Hayward BOS,SF,27,1,1,5,7.2,14.4,0.5,0,7.2,0,7.2,7.2,1,0,0,,0,7.2,7.2,0,0,0,0,7.2,14.4
Gorgui Dieng,MIN,Gorgui Dieng MIN,C,28,79,0,1333,5,10.5,0.479,0.5,1.6,0.311,4.5,8.8,0.511,2.1,2.8,0.775,2.9,6.9,9.7,1.9,1.2,1.1,1.6,4,12.7
Greg Monroe,BOS,Greg Monroe TOT,C,27,51,14,1040,7.5,13.4,0.565,0,0,,7.5,13.4,0.565,3,4.1,0.739,3.8,8.3,12.1,3.9,1.5,0.8,3.3,3.3,18.1
Guerschon Yabusele,BOS,Guerschon Yabusele BOS,PF,22,33,4,235,4,9.3,0.426,1.8,5.7,0.324,2.1,3.7,0.583,2.3,3.4,0.682,2.6,5.4,8,2.5,0.6,0.8,1.8,3.5,12.1
Harrison Barnes,DAL,Harrison Barnes DAL,PF,25,77,77,2634,7.3,16.5,0.445,1.6,4.6,0.357,5.7,12,0.478,3.5,4.3,0.827,1.1,5.3,6.4,2.1,0.7,0.2,1.6,1.3,19.8
Hassan Whiteside,MIA,Hassan Whiteside MIA,C,28,54,54,1364,8.2,15.3,0.54,0.1,0.1,1,8.2,15.2,0.538,3.4,4.8,0.703,4.6,11.7,16.3,1.4,1,2.5,2.4,3.5,19.9
Henry Ellenson,DET,Henry Ellenson DET,PF,21,38,0,329,5.8,16,0.363,2.2,6.6,0.333,3.6,9.4,0.384,2.7,3.2,0.862,1.1,7.8,8.9,2.2,0.5,0,2,2.4,16.5
Ian Clark,NOP,Ian Clark NOP,SG,26,74,2,1455,5.5,12.2,0.448,1.5,4.8,0.318,4,7.4,0.533,1.1,1.5,0.763,0.2,2.9,3.1,2.7,0.8,0.2,1.4,3,13.6
Ian Mahinmi,WAS,Ian Mahinmi WAS,C,31,77,0,1145,4.3,7.8,0.556,0,0.1,0,4.3,7.7,0.561,2.8,4,0.703,4.2,5.6,9.8,1.7,1.2,1.3,3.1,7.2,11.5
Ike Anigbogu,IND,Ike Anigbogu IND,C,19,11,0,30,4.8,10.8,0.444,0,0,,4.8,10.8,0.444,6,7.2,0.833,6,4.8,10.8,0,1.2,3.6,2.4,1.2,15.6
Iman Shumpert,CLE,Iman Shumpert CLE,SG,27,14,6,276,2.9,7.6,0.379,0.9,3.4,0.269,2,4.2,0.469,1.4,2,0.733,0.9,4.4,5.3,2.2,1.2,0.5,2.1,2.9,8.1
Isaiah Canaan,PHO,Isaiah Canaan TOT,PG-SG,26,20,1,422,4.4,11.7,0.38,1.9,5.6,0.333,2.6,6.1,0.423,3.9,4.4,0.902,0.5,3.3,3.8,6.5,1.4,0.1,2.5,3.1,14.7
Isaiah Hicks,NYK,Isaiah Hicks NYK,PF,23,18,0,240,5,10.8,0.458,0.3,1.4,0.222,4.6,9.5,0.492,1.8,2.7,0.667,1.5,4.6,6.1,2.4,0.3,0.6,2.4,6.8,12
Isaiah Taylor,ATL,Isaiah Taylor ATL,PG,23,67,9,1167,5,12,0.418,0.6,2.5,0.25,4.4,9.6,0.461,3.1,4.3,0.702,0.7,2.2,2.9,6.4,1,0.3,2.6,3.6,13.7
Isaiah Thomas,LAL,Isaiah Thomas TOT,PG,28,32,15,862,6.6,17.6,0.373,2.3,7.9,0.293,4.3,9.7,0.438,4.9,5.5,0.893,0.7,2.1,2.8,6.4,0.6,0.1,4,2.4,20.3
Isaiah Whitehead,BRK,Isaiah Whitehead BRK,PG,22,16,0,180,8,17.2,0.465,1.4,3.6,0.389,6.6,13.6,0.485,2.6,3.8,0.684,0.8,4.4,5.2,4,1.6,0.4,4.8,4.6,20
Ish Smith,DET,Ish Smith DET,PG,29,82,35,2043,6.9,14.1,0.486,0.6,1.8,0.347,6.2,12.3,0.506,1.4,2,0.698,0.5,3.5,3.9,6.3,1.1,0.4,1.9,2.5,15.8
Ivan Rabb,MEM,Ivan Rabb MEM,PF,20,36,5,516,6,10.6,0.566,0,0,,6,10.6,0.566,2,2.5,0.806,3.7,7.3,11,2.2,0.8,0.9,2.4,3.8,14
Ivica Zubac,LAL,Ivica Zubac LAL,C,20,43,0,410,5.4,10.7,0.5,0,0.1,0,5.4,10.6,0.504,3.4,4.5,0.765,4,6.8,10.8,2.2,0.7,1.3,2.3,4.1,14.1
J.J. Barea,DAL,J.J. Barea DAL,PG,33,69,10,1603,6.8,15.5,0.439,2.6,7,0.367,4.2,8.5,0.499,1.8,2.3,0.784,0.3,4.2,4.5,9.7,0.8,0.1,3.2,1.9,18
J.J. Redick,PHI,J.J. Redick PHI,SG,33,70,70,2116,6.9,15,0.46,3.3,7.8,0.42,3.6,7.1,0.504,3.4,3.7,0.904,0.2,2.9,3,3.6,0.6,0.1,1.8,2.1,20.4
J.R. Smith,CLE,J.R. Smith CLE,SG,32,80,61,2244,3.9,9.5,0.403,2.3,6.1,0.375,1.6,3.4,0.453,0.6,0.9,0.696,0.5,3.3,3.8,2.3,1.1,0.2,1.3,2.6,10.6
Jabari Bird,BOS,Jabari Bird BOS,SG,23,13,1,115,4.7,8.1,0.577,0.9,2.2,0.429,3.8,5.9,0.632,1.9,4.1,0.462,1.9,4.1,5.9,2.5,0.9,0.3,2.5,2.2,12.2
Jabari Parker,MIL,Jabari Parker MIL,PF,22,31,3,743,7.8,16.1,0.482,1.5,3.9,0.383,6.3,12.2,0.514,1.9,2.6,0.741,2,5.3,7.3,2.9,1.2,0.5,2.2,2.4,18.9
Jack Cooley,SAC,Jack Cooley SAC,PF,26,7,0,87,5.4,11.2,0.481,0,0,,5.4,11.2,0.481,5.8,7.9,0.737,5.8,6.6,12.4,2.5,0.4,0,1.2,5.4,16.6
Jacob Pullen,PHI,Jacob Pullen PHI,PG,28,3,0,6,6,12,0.5,0,6,0,6,6,1,0,0,,0,0,0,0,0,0,6,0,12
Jacob Wiley,BRK,Jacob Wiley BRK,PF,23,5,0,33,1.1,4.4,0.25,1.1,2.2,0.5,0,2.2,0,1.1,2.2,0.5,2.2,9.8,12,2.2,1.1,0,0,4.4,4.4
Jae Crowder,UTA,Jae Crowder TOT,SF,27,80,47,2090,4.7,11.6,0.404,1.9,5.9,0.323,2.8,5.7,0.488,2.1,2.5,0.818,1,3.7,4.7,1.7,1.1,0.4,1.3,3.2,13.3
Jahlil Okafor,BRK,Jahlil Okafor TOT,C,22,28,0,353,7.9,14.1,0.558,0.1,0.4,0.25,7.8,13.7,0.567,2.1,3,0.724,2.1,6.5,8.7,1.2,0.3,1.8,2.1,5.2,17.9
JaKarr Sampson,SAC,JaKarr Sampson SAC,SF,24,22,6,344,4.6,8.5,0.543,0.5,1,0.5,4.1,7.4,0.549,1,1.7,0.625,2.2,6,8.2,0.9,0.8,2.3,0.8,5,10.8
Jake Layman,POR,Jake Layman POR,SF,23,35,1,160,3.2,10.6,0.298,0.9,4.5,0.2,2.3,6.1,0.37,0.5,0.7,0.667,0.9,2.7,3.6,2.5,1.4,0.9,1.1,2.9,7.7
Jakob Poeltl,TOR,Jakob Poeltl TOR,C,22,82,0,1524,6,9.1,0.659,0,0,0.5,6,9,0.66,1.4,2.4,0.594,3.9,5.4,9.3,1.3,0.9,2.4,2,5,13.4
Jalen Jones,DAL,Jalen Jones TOT,SF,24,16,0,181,5.2,13.5,0.382,2,5.2,0.385,3.2,8.4,0.381,2.4,3.8,0.632,2.6,5,7.6,0.8,1,0.2,1.4,4.4,14.7
Jamal Crawford,MIN,Jamal Crawford MIN,SG,37,80,0,1653,6.7,16.2,0.415,2.3,6.8,0.331,4.4,9.3,0.477,2.2,2.5,0.903,0.5,1.7,2.2,4,0.9,0.2,2.1,1.9,17.9
Jamal Murray,DEN,Jamal Murray DEN,PG,20,81,80,2565,6.7,14.9,0.451,2.3,6.1,0.378,4.4,8.8,0.502,3.2,3.6,0.905,1.2,3,4.2,3.8,1.1,0.4,2.4,2.4,19
Jameel Warney,DAL,Jameel Warney DAL,PF,24,3,0,27,9.3,16,0.583,0,0,,9.3,16,0.583,4,6.7,0.6,5.3,6.7,12,0,0,0,1.3,2.7,22.7
Jameer Nelson,DET,Jameer Nelson TOT,PG,35,50,0,1013,3.4,8.7,0.389,1.5,4.4,0.331,1.9,4.3,0.45,0.6,0.7,0.8,0.5,3.2,3.7,6.4,1,0.1,2.4,2.9,8.8
Jamel Artis,ORL,Jamel Artis ORL,SG,25,15,1,279,4,10.2,0.392,1,3.7,0.276,3,6.5,0.46,0.9,1.5,0.583,0.5,4.4,4.9,2.3,0.3,0.4,1,1.4,9.9
James Ennis,DET,James Ennis TOT,SF,27,72,22,1604,4.1,8.6,0.474,1.1,3.4,0.333,2.9,5.2,0.567,2.2,2.6,0.836,1.6,3.4,5,1.6,1.1,0.4,1.3,3,11.5
James Harden,HOU,James Harden HOU,SG,28,72,72,2551,9.2,20.4,0.449,3.7,10.2,0.367,5.4,10.3,0.531,8.8,10.3,0.858,0.6,4.9,5.5,8.9,1.8,0.7,4.4,2.4,30.9
James Johnson,MIA,James Johnson MIA,PF,30,73,41,1943,5.7,11.4,0.503,1.1,3.4,0.308,4.7,7.9,0.587,2.1,3,0.698,1.1,5.5,6.6,5.2,1.3,0.9,2.6,3.6,14.6
James Michael McAdoo,PHI,James Michael McAdoo PHI,PF,25,3,0,18,4,14,0.286,4,14,0.286,0,0,,4,4,1,0,4,4,0,0,2,2,2,16
James Webb III,BRK,James Webb III BRK,SF,24,10,0,120,1.8,7.2,0.25,1.2,5.7,0.211,0.6,1.5,0.4,0,0,,2.4,4.8,7.2,1.2,0.3,0,1.2,3,4.8
James Young,PHI,James Young PHI,SG,22,6,0,61,3,8.3,0.357,1.8,5.9,0.3,1.2,2.4,0.5,2.4,3.5,0.667,0,1.2,1.2,1.2,0,0,0.6,2.4,10
Jamil Wilson,LAC,Jamil Wilson LAC,SF,27,15,10,274,5,10.6,0.469,3.5,8.3,0.429,1.4,2.4,0.611,0.3,0.5,0.5,0.4,3.8,4.2,1.3,0.7,1.1,1.1,4.5,13.8
JaMychal Green,MEM,JaMychal Green MEM,PF,27,55,54,1542,5.2,11.4,0.457,1,3,0.339,4.2,8.4,0.499,1.9,2.6,0.721,3.4,7.4,10.8,1.8,0.7,0.6,1.8,3.6,13.3
Jared Dudley,PHO,Jared Dudley PHO,PF,32,48,0,686,2.5,6.4,0.393,1.5,4.2,0.363,1,2.2,0.452,1.4,1.8,0.771,0.4,4.5,4.9,4.1,1.3,0.6,1.5,4.5,8
Jarell Eddie,CHI,Jarell Eddie TOT,SF,26,3,0,9,0,8,0,0,8,0,0,0,,0,0,,0,4,4,0,4,0,0,0,0
Jarell Martin,MEM,Jarell Martin MEM,PF,23,73,36,1661,4.8,10.8,0.446,0.7,2.1,0.347,4.1,8.6,0.47,1.9,2.5,0.767,2.1,4.8,6.9,1.6,0.8,1.1,1.9,4.6,12.2
Jarrett Allen,BRK,Jarrett Allen BRK,C,19,72,31,1441,5.8,9.9,0.589,0.1,0.4,0.333,5.7,9.5,0.599,2.8,3.7,0.776,3.6,6.1,9.7,1.2,0.7,2.2,2,3.7,14.7
Jarrett Jack,NYK,Jarrett Jack NYK,PG,34,62,56,1548,4.4,10.3,0.427,0.6,2,0.291,3.8,8.3,0.459,1.5,1.7,0.84,0.5,3.9,4.4,8.1,0.8,0.1,2.7,2.3,10.8
Jason Smith,WAS,Jason Smith WAS,C,31,33,2,285,5.7,14.5,0.391,0.5,4,0.125,5.2,10.5,0.494,2.4,2.7,0.905,2.3,4.4,6.7,1.8,0.4,1.6,2,5.6,14.3
Jason Terry,MIL,Jason Terry MIL,SG,40,51,4,814,2.6,6.8,0.383,1.8,5.1,0.348,0.8,1.7,0.487,0.4,0.4,0.889,0.2,1.9,2.1,2.6,1.9,0.6,1.1,2.3,7.3
JaVale McGee,GSW,JaVale McGee GSW,C,30,65,17,615,8,12.8,0.621,0,0.4,0,8,12.5,0.638,2.2,3,0.731,3.5,6.4,9.9,1.9,1.2,3.3,1.6,5.3,18.1
Jawun Evans,LAC,Jawun Evans LAC,PG,21,48,4,778,4.1,11.7,0.352,0.7,2.5,0.278,3.4,9.2,0.372,1.8,2.3,0.776,0.4,3.5,3.9,4.6,1.7,0.3,2,4.5,10.7
Jaylen Brown,BOS,Jaylen Brown BOS,SG,21,70,70,2152,6.2,13.4,0.465,2,5.1,0.395,4.2,8.3,0.507,2.5,3.9,0.644,1.1,4.7,5.8,1.9,1.2,0.4,2.1,3,17
Jaylen Morris,ATL,Jaylen Morris ATL,SG,22,6,0,98,4.8,11.8,0.406,0.7,3.7,0.2,4,8.1,0.5,0,0,,0.7,5.1,5.9,2.6,0.7,0.4,2.2,0.7,10.3
Jayson Tatum,BOS,Jayson Tatum BOS,SF,19,80,80,2438,5.9,12.3,0.475,1.6,3.6,0.434,4.3,8.8,0.492,3.1,3.8,0.826,0.7,5.2,5.9,1.9,1.2,0.9,1.7,2.5,16.4
Jeff Green,CLE,Jeff Green CLE,PF,31,78,13,1828,5.8,12.2,0.477,1,3.3,0.312,4.8,8.8,0.54,4,4.6,0.868,1.2,3.7,4.8,1.9,0.8,0.7,1.5,2.9,16.7
Jeff Teague,MIN,Jeff Teague MIN,PG,29,70,70,2311,5.5,12.4,0.446,1.3,3.6,0.368,4.2,8.8,0.477,3.1,3.7,0.845,0.4,2.9,3.3,7.7,1.6,0.4,2.8,2.7,15.5
Jeff Withey,DAL,Jeff Withey DAL,C,27,9,0,39,5.5,14.8,0.375,1.8,9.2,0.2,3.7,5.5,0.667,0.9,1.8,0.5,0.9,8.3,9.2,0,0,2.8,1.8,2.8,13.8
Jerami Grant,OKC,Jerami Grant OKC,PF,23,81,1,1647,5.3,10,0.535,0.7,2.4,0.291,4.6,7.6,0.613,3.5,5.2,0.675,1.9,5.1,7,1.2,0.7,1.7,1.2,3.4,14.9
Jeremy Evans,ATL,Jeremy Evans ATL,SF,30,1,0,5,7.2,7.2,1,0,0,,7.2,7.2,1,0,0,,7.2,0,7.2,0,0,0,7.2,7.2,14.4
Jeremy Lamb,CHO,Jeremy Lamb CHO,SG,25,80,18,1967,7,15.2,0.457,1.7,4.6,0.37,5.2,10.6,0.495,3.3,3.8,0.861,0.9,5,5.9,3.4,1.1,0.6,1.7,2.5,18.9
Jeremy Lin,BRK,Jeremy Lin BRK,PG,29,1,1,25,7.2,17.3,0.417,1.4,2.9,0.5,5.8,14.4,0.4,10.1,10.1,1,0,0,0,5.8,0,0,4.3,4.3,25.9
Jerian Grant,CHI,Jerian Grant CHI,PG,25,74,26,1686,4.5,10.7,0.416,1.3,4,0.326,3.2,6.7,0.468,3,4,0.745,0.7,3,3.7,7.3,1.3,0.2,1.9,2.8,13.2
Jerryd Bayless,PHI,Jerryd Bayless PHI,SG,29,39,11,925,4.2,10.2,0.416,2.1,5.7,0.37,2.1,4.5,0.474,1.4,1.7,0.795,0.6,2.5,3.1,2.1,0.9,0.2,1.8,3.5,11.9
Jimmy Butler,MIN,Jimmy Butler MIN,SG,28,59,59,2164,7.3,15.3,0.474,1.2,3.3,0.35,6.1,12,0.509,6,7.1,0.854,1.3,3.9,5.2,4.8,1.9,0.4,1.8,1.3,21.7
Joakim Noah,NYK,Joakim Noah NYK,C,32,7,0,40,4.5,9,0.5,0,0,,4.5,9,0.5,1.8,3.6,0.5,5.4,7.2,12.6,3.6,1.8,1.8,3.6,4.5,10.8
Jodie Meeks,WAS,Jodie Meeks WAS,SG,30,77,0,1119,5.1,12.6,0.399,2.3,6.8,0.343,2.7,5.9,0.464,3.2,3.8,0.863,0.5,3.6,4.1,2.3,0.9,0.1,1.2,1.8,15.7
Joe Harris,BRK,Joe Harris BRK,SG,26,78,14,1975,5.6,11.3,0.491,2.7,6.5,0.419,2.8,4.8,0.589,1.6,1.9,0.827,0.9,3.8,4.7,2.3,0.6,0.4,1.7,2.8,15.4
Joe Ingles,UTA,Joe Ingles UTA,SF,30,82,81,2578,4.7,10,0.467,2.8,6.5,0.44,1.8,3.5,0.516,0.9,1.2,0.795,0.3,4.5,4.8,5.5,1.3,0.3,2.2,2.5,13.1
Joe Johnson,HOU,Joe Johnson TOT,SF,36,55,4,1205,4.4,10.8,0.406,1.2,4.3,0.276,3.2,6.4,0.493,1.2,1.3,0.889,0.4,4.7,5.1,2.5,0.5,0.2,1.5,2,11.1
Joe Young,IND,Joe Young IND,PG,25,53,1,558,5.2,12,0.43,1.6,4.3,0.379,3.5,7.7,0.458,1.4,1.9,0.759,0.8,3.3,4.1,2.5,0.9,0.1,1.7,2.5,13.4
Joel Bolomboy,MIL,Joel Bolomboy MIL,PF,24,6,0,38,2.8,5.7,0.5,0,0.9,0,2.8,4.7,0.6,2.8,5.7,0.5,5.7,3.8,9.5,0,1.9,0,1.9,2.8,8.5
Joel Embiid,PHI,Joel Embiid PHI,C,23,63,63,1912,9.6,19.9,0.483,1.2,4,0.308,8.4,15.9,0.527,6.8,8.8,0.769,2.7,10.3,13,3.7,0.8,2.1,4.4,3.9,27.2
Joffrey Lauvergne,SAS,Joffrey Lauvergne SAS,C,26,55,1,534,6.6,12.8,0.516,0,0.3,0,6.6,12.5,0.53,2,3.2,0.638,4.2,7.3,11.5,2.8,0.6,0.2,2.2,3,15.2
John Collins,ATL,John Collins ATL,PF,20,74,26,1785,6.3,11,0.576,0.3,0.9,0.34,6,10,0.598,2.7,3.8,0.715,3.5,7.4,10.9,2,0.9,1.6,2.1,4.3,15.7
John Henson,MIL,John Henson MIL,C,27,76,69,1970,5.2,9.2,0.572,0,0.1,0.143,5.2,9,0.578,1.6,2.9,0.57,2.7,6.6,9.4,2.1,0.8,2,1.5,3.7,12.2
John Holland,CLE,John Holland CLE,SF,29,24,0,174,3.5,12.2,0.288,2.3,7.4,0.306,1.2,4.8,0.261,1.9,2.7,0.692,1.2,3.7,5,1,1.4,0.4,1.7,2.1,11.2
John Wall,WAS,John Wall WAS,PG,27,41,41,1410,7.1,17,0.42,1.6,4.3,0.371,5.6,12.8,0.436,4.5,6.2,0.726,0.6,3.3,3.8,10,1.5,1.1,4,2,20.3
Johnathan Motley,DAL,Johnathan Motley DAL,PF,22,11,4,176,8.2,15.3,0.533,0.2,1.2,0.167,8,14.1,0.565,3.1,5.7,0.536,2.9,7.2,10,1.4,0.6,0.4,1.8,3.7,19.6
Johnny O'Bryant,CHO,Johnny O'Bryant CHO,PF,24,36,0,379,6.5,16.2,0.398,1.3,4.1,0.326,5.1,12.2,0.422,2,2.4,0.84,2.8,6.1,8.8,1.3,0.9,0.6,1.4,4.3,16.2
Jon Leuer,DET,Jon Leuer DET,PF,28,8,0,136,4,9.5,0.417,0,0.8,0,4,8.7,0.455,3.4,4,0.867,1.9,6.6,8.5,1.3,0.3,0.8,1.9,4.2,11.4
Jonas Jerebko,UTA,Jonas Jerebko UTA,PF,30,74,19,1134,5,10.8,0.466,2.1,5,0.414,3,5.8,0.511,1.5,1.8,0.807,1.7,6.1,7.8,1.3,0.8,0.4,0.9,4,13.6
Jonas Valan?i?nas,TOR,Jonas Valan?i?nas TOR,C,25,77,77,1727,8.1,14.3,0.568,0.6,1.5,0.405,7.5,12.8,0.587,3.5,4.4,0.806,3.8,9.9,13.8,1.7,0.6,1.4,2.4,4,20.4
Jonathan Gibson,BOS,Jonathan Gibson BOS,PG,30,4,0,40,12.6,20.7,0.609,5.4,10.8,0.5,7.2,9.9,0.727,0,0,,0,2.7,2.7,3.6,0,0,2.7,4.5,30.6
Jonathan Isaac,ORL,Jonathan Isaac ORL,PF,20,27,10,536,3.7,9.7,0.379,1.1,3.1,0.348,2.6,6.6,0.394,1.3,1.7,0.76,1.1,5.6,6.6,1.2,2.2,2,1.8,3.2,9.7
Jonathon Simmons,ORL,Jonathon Simmons ORL,SG,28,69,50,2029,6.3,13.5,0.465,1.2,3.6,0.338,5.1,9.9,0.512,3.3,4.3,0.768,1.1,3.2,4.2,3,1,0.3,2.6,3.1,17.1
Jordan Bell,GSW,Jordan Bell GSW,C,23,57,13,809,5.2,8.2,0.627,0,0.2,0,5.2,8.1,0.641,1.3,2,0.682,2.7,6.5,9.2,4.5,1.6,2.5,2.3,4.1,11.7
Jordan Clarkson,CLE,Jordan Clarkson TOT,SG,25,81,2,1888,8.2,18.2,0.451,2.1,6.1,0.352,6.1,12.1,0.5,2.9,3.6,0.8,1.1,3.1,4.1,4.2,1.1,0.1,2.4,2,21.4
Jordan Crawford,NOP,Jordan Crawford NOP,SG,29,5,0,53,8.2,18.3,0.444,5.4,9.5,0.571,2.7,8.8,0.308,0.7,0.7,1,1.4,1.4,2.7,8.8,0.7,0.7,3.4,4.8,22.4
Jordan Mickey,MIA,Jordan Mickey MIA,PF,23,23,3,284,4.9,10.4,0.476,0.3,2,0.125,4.7,8.4,0.561,1.6,2.4,0.684,2.3,8,10.3,1.1,0.8,1.3,2.3,4.6,11.8
Jose Calderon,CLE,Jose Calderon CLE,PG,36,57,32,914,3.7,7.3,0.503,1.8,3.8,0.464,1.9,3.5,0.545,0.9,1.2,0.8,0.6,2.8,3.3,4.6,1.1,0.1,1.6,3.2,10
Josh Gray,PHO,Josh Gray PHO,PG,24,5,0,86,4.6,17.2,0.268,1.3,5.4,0.231,3.3,11.7,0.286,2.9,4.6,0.636,0.8,3.3,4.2,5,3.3,0.8,2.9,3.3,13.4
Josh Hart,LAL,Josh Hart LAL,SG,22,63,23,1461,4.3,9.2,0.469,1.9,4.9,0.396,2.4,4.4,0.551,1.6,2.3,0.702,1,5.4,6.5,2,1.2,0.4,1.2,2.6,12.2
Josh Huestis,OKC,Josh Huestis OKC,PF,26,69,10,982,2.2,6.7,0.33,1.2,4.2,0.287,1,2.5,0.403,0.2,0.7,0.3,1.5,4.4,5.9,0.7,0.5,1.6,1,3,5.8
Josh Jackson,PHO,Josh Jackson PHO,SF,20,77,35,1959,7.1,17.1,0.417,1,4,0.263,6.1,13.1,0.464,3.3,5.1,0.634,1.7,4.7,6.5,2.2,1.5,0.6,2.7,4,18.6
Josh Magette,ATL,Josh Magette ATL,PG,28,18,0,216,2.5,7.7,0.326,1.3,3.7,0.364,1.2,4,0.292,1.3,1.3,1,0.3,2.8,3.2,9.5,1.3,0.2,1.5,2.7,7.7
Josh McRoberts,DAL,Josh McRoberts DAL,PF,30,2,0,6,0,6,0,0,6,0,0,0,,0,0,,0,0,0,0,0,0,0,12,0
Josh Richardson,MIA,Josh Richardson MIA,SF,24,81,81,2689,5.3,11.8,0.451,1.7,4.5,0.378,3.6,7.3,0.495,1.6,1.9,0.845,0.9,2.9,3.8,3.1,1.6,1,1.9,2.7,14
Josh Smith,NOP,Josh Smith NOP,PF,32,3,0,12,3,12,0.25,0,0,,3,12,0.25,0,0,,9,3,12,0,0,0,0,9,6
Jrue Holiday,NOP,Jrue Holiday NOP,SG,27,81,81,2927,7.6,15.3,0.494,1.5,4.4,0.337,6.1,10.9,0.557,2.3,2.9,0.786,0.8,3.7,4.5,6,1.5,0.8,2.6,2.5,18.9
Juan Hernangomez,DEN,Juan Hernangomez DEN,PF,22,25,3,277,3.8,9.7,0.387,1.8,6.5,0.28,1.9,3.2,0.6,1.3,1.6,0.833,2.3,4.7,7,1.6,0.8,0.4,1.2,3.2,10.7
Julius Randle,LAL,Julius Randle LAL,C,23,82,49,2190,8.3,14.9,0.558,0.2,0.7,0.222,8.1,14.1,0.575,5,7,0.718,3,7.8,10.8,3.5,0.7,0.7,3.5,4.5,21.7
Julyan Stone,CHO,Julyan Stone CHO,SG,29,23,0,175,1.2,2.7,0.462,1.2,2.7,0.462,0,0,,0.2,0.4,0.5,0.2,5.8,6,5.3,0.8,0.4,1.4,4.3,3.9
Justin Anderson,PHI,Justin Anderson PHI,SF,24,38,0,519,6,14,0.431,2.4,7.1,0.33,3.7,6.9,0.535,1.9,2.6,0.737,1.7,4.7,6.5,1.7,1,0.5,1.1,3.7,16.4
Justin Holiday,CHI,Justin Holiday CHI,SG,28,72,72,2265,4.6,12.4,0.371,2.6,7.1,0.359,2.1,5.3,0.387,2.1,2.6,0.823,0.5,4.1,4.6,2.4,1.3,0.5,1.5,2.1,13.9
Justin Jackson,SAC,Justin Jackson SAC,SF,22,68,41,1506,4.4,10,0.442,1.4,4.4,0.308,3.1,5.6,0.547,0.6,0.9,0.722,0.6,3.8,4.5,1.8,0.7,0.3,1,1.9,10.8
Justin Patton,MIN,Justin Patton MIN,C,20,1,0,4,9,18,0.5,0,0,,9,18,0.5,0,0,,0,0,0,0,9,0,0,9,18
Justise Winslow,MIA,Justise Winslow MIA,PF,21,68,25,1680,4.4,10.5,0.424,1,2.8,0.38,3.4,7.7,0.44,1.4,2.2,0.635,1.4,6.6,7.9,3.2,1.2,0.7,1.6,3,11.3
Jusuf Nurki?,POR,Jusuf Nurki? POR,C,23,79,79,2088,8.3,16.4,0.505,0,0.1,0,8.3,16.3,0.508,3,4.7,0.63,3.3,8.9,12.2,2.5,1.1,1.9,3.2,4.3,19.5
Kadeem Allen,BOS,Kadeem Allen BOS,PG,25,18,1,107,2,7.4,0.273,0,3.7,0,2,3.7,0.545,2.4,3,0.778,1.3,2.4,3.7,4,1,0.7,3,5,6.4
Karl-Anthony Towns,MIN,Karl-Anthony Towns MIN,C,22,82,82,2918,7.9,14.5,0.545,1.5,3.5,0.421,6.4,10.9,0.585,4.3,5,0.858,2.9,9.5,12.5,2.5,0.8,1.4,2,3.5,21.5
Kawhi Leonard,SAS,Kawhi Leonard SAS,SF,26,9,9,210,8.9,19,0.468,1.9,6,0.314,7,13,0.539,5.3,6.5,0.816,1,6.2,7.2,3.6,3.1,1.5,2.7,1.5,25
Kay Felder,DET,Kay Felder TOT,PG,22,16,0,140,5.4,18,0.3,1,4.9,0.211,4.4,13.1,0.333,2.8,3.1,0.917,0.8,3.9,4.6,5.1,0.8,0.3,4.1,2.8,14.7
Kelly Olynyk,MIA,Kelly Olynyk MIA,PF,26,76,22,1779,6.4,12.9,0.497,2.1,5.7,0.379,4.2,7.2,0.59,2.7,3.5,0.77,1.8,6.9,8.7,4.2,1.3,0.7,3,4.5,17.6
Kelly Oubre,WAS,Kelly Oubre WAS,SF,22,81,11,2231,5.1,12.7,0.403,2,6,0.341,3.1,6.8,0.456,3.1,3.8,0.82,1,4.9,5.9,1.6,1.3,0.6,1.5,3.8,15.4
Kemba Walker,CHO,Kemba Walker CHO,PG,27,80,80,2736,7.7,17.9,0.431,3,7.9,0.384,4.7,10,0.469,4.8,5.5,0.864,0.4,2.8,3.3,5.8,1.2,0.3,2.4,1.3,23.3
Kendrick Perkins,CLE,Kendrick Perkins CLE,C,33,1,0,15,2.4,4.8,0.5,0,0,,2.4,4.8,0.5,2.4,4.8,0.5,0,2.4,2.4,4.8,2.4,0,2.4,2.4,7.2
Kenneth Faried,DEN,Kenneth Faried DEN,PF,28,32,7,461,5.9,11.6,0.514,0,0.1,0,5.9,11.5,0.517,2.8,4,0.706,5.3,6.6,11.9,1.4,0.9,1,1.8,4,14.7
Kent Bazemore,ATL,Kent Bazemore ATL,SG,28,65,65,1789,5.7,13.6,0.42,2.2,5.5,0.394,3.5,8.1,0.438,3.2,4,0.796,0.5,4.5,5,4.6,2,0.9,3.2,3,16.8
Kentavious Caldwell-Pope,LAL,Kentavious Caldwell-Pope LAL,SG,24,74,74,2458,5,11.7,0.426,2.3,6.1,0.383,2.7,5.6,0.473,2.2,2.8,0.789,0.9,4.8,5.7,2.4,1.6,0.2,1.4,2.1,14.5
Kevin Durant,GSW,Kevin Durant GSW,SF,29,68,68,2325,9.8,18.9,0.516,2.7,6.4,0.419,7.1,12.5,0.565,5.6,6.3,0.889,0.5,6.7,7.2,5.7,0.8,1.8,3.2,2.1,27.7
Kevin Love,CLE,Kevin Love CLE,C,29,59,59,1651,7.3,15.9,0.458,3,7.2,0.415,4.3,8.7,0.494,5.1,5.8,0.88,2.2,9.7,11.9,2.2,0.9,0.5,2,2.6,22.7
Kevon Looney,GSW,Kevon Looney GSW,C,21,66,4,910,4.4,7.6,0.58,0,0.2,0.2,4.4,7.4,0.59,1.7,3,0.545,3.3,5.2,8.5,1.7,1.3,2.2,1.2,4.2,10.6
Khem Birch,ORL,Khem Birch ORL,C,25,42,0,578,4.2,7.8,0.54,0,0,,4.2,7.8,0.54,2.6,3.8,0.689,4.4,6.9,11.2,2.1,0.9,1.3,1.3,3.5,11.1
Khris Middleton,MIL,Khris Middleton MIL,SF,26,82,82,2982,7.2,15.4,0.466,1.8,4.9,0.359,5.4,10.4,0.517,3.9,4.4,0.884,0.5,4.6,5.2,4,1.4,0.3,2.3,3.3,19.9
Klay Thompson,GSW,Klay Thompson GSW,SG,27,73,73,2506,8.3,16.9,0.488,3.3,7.5,0.44,5,9.5,0.526,1.2,1.4,0.837,0.4,3.5,4,2.7,0.8,0.5,1.8,1.7,21
Kobi Simmons,MEM,Kobi Simmons MEM,PG,20,32,12,643,4.5,10.6,0.423,0.6,2.2,0.282,3.9,8.4,0.46,1.4,1.4,1,0.8,2,2.8,3.8,1,0.3,2.5,3.4,11
Kosta Koufos,SAC,Kosta Koufos SAC,C,28,71,13,1391,5.7,10.1,0.571,0,0,,5.7,10.1,0.571,0.9,1.9,0.446,3.9,8.4,12.2,2.3,1.2,0.8,1.3,3.8,12.3
Kris Dunn,CHI,Kris Dunn CHI,PG,23,52,43,1525,6.8,15.7,0.429,1,3.2,0.321,5.7,12.6,0.457,2,2.7,0.737,0.6,4.7,5.2,7.3,2.5,0.6,3.5,4.1,16.5
Kristaps Porzi??is,NYK,Kristaps Porzi??is NYK,PF,22,48,48,1553,9,20.6,0.439,2.1,5.3,0.395,7,15.3,0.454,5.1,6.4,0.793,1.4,5.9,7.3,1.3,0.8,2.7,2.2,3.3,25.2
Kyle Anderson,SAS,Kyle Anderson SAS,SF,24,74,67,1978,4.2,8,0.527,0.3,1,0.333,3.9,6.9,0.556,1.9,2.7,0.712,1.5,5.7,7.2,3.7,2.1,1.1,1.7,2.1,10.6
Kyle Collinsworth,DAL,Kyle Collinsworth DAL,SF,26,32,2,480,2.8,7.4,0.384,0.3,1.3,0.235,2.5,6.1,0.415,1.6,3,0.525,2.4,5.6,8,4.2,1.3,0.7,1.8,3.3,7.6
Kyle Korver,CLE,Kyle Korver CLE,SG,36,73,4,1574,5.1,11.1,0.459,3.8,8.6,0.436,1.3,2.5,0.537,1.5,1.6,0.889,0.2,3.6,3.8,2,0.7,0.6,1.3,3,15.4
Kyle Kuzma,LAL,Kyle Kuzma LAL,PF,22,77,37,2401,7,15.6,0.45,2.4,6.5,0.366,4.6,9.1,0.511,2.2,3.1,0.707,1.3,5.9,7.2,2.1,0.7,0.5,2.1,2.4,18.6
Kyle Lowry,TOR,Kyle Lowry TOR,PG,31,78,78,2510,5.8,13.5,0.427,3.4,8.5,0.399,2.4,5,0.474,3.2,3.7,0.854,0.9,5.3,6.2,7.7,1.2,0.3,2.6,2.8,18.2
Kyle O'Quinn,NYK,Kyle O'Quinn NYK,C,27,77,10,1387,5.8,10,0.583,0.1,0.4,0.235,5.7,9.5,0.599,2.5,3.3,0.772,3.1,9.1,12.2,4.1,0.9,2.5,2.6,5,14.3
Kyle Singler,OKC,Kyle Singler OKC,SF,29,12,0,59,4.3,12.8,0.333,1.2,3.1,0.4,3.1,9.8,0.313,4.3,7.9,0.538,0.6,5.5,6.1,1.2,0.6,0,1.8,2.4,14
Kyrie Irving,BOS,Kyrie Irving BOS,PG,25,60,60,1931,10,20.3,0.491,3.1,7.6,0.408,6.9,12.7,0.541,4.3,4.9,0.889,0.6,3.6,4.2,5.7,1.2,0.3,2.6,2.3,27.3
LaMarcus Aldridge,SAS,LaMarcus Aldridge SAS,C,32,75,75,2509,9.9,19.3,0.51,0.4,1.3,0.293,9.5,18,0.526,4.8,5.7,0.837,3.5,5.6,9.1,2.2,0.6,1.3,1.6,2.3,24.9
Lance Stephenson,IND,Lance Stephenson IND,SG,27,82,7,1850,5.9,13.8,0.427,1.3,4.5,0.289,4.6,9.3,0.495,1.6,2.5,0.661,1.2,7,8.3,4.6,0.9,0.3,2.5,3.4,14.7
Lance Thomas,NYK,Lance Thomas NYK,PF,29,73,31,1353,2.7,7.1,0.382,1.3,3.3,0.403,1.4,3.8,0.364,1.2,1.4,0.83,1.2,3.5,4.7,1.2,0.8,0.4,1.1,3.6,7.9
Langston Galloway,DET,Langston Galloway DET,SG,26,58,2,863,5.3,14.2,0.371,3.1,9.1,0.344,2.1,5.1,0.418,1.4,1.7,0.805,0.5,3.3,3.8,2.4,1.5,0.2,0.8,1.6,15
Larry Drew,NOP,Larry Drew TOT,PG,27,10,0,70,3.6,12.3,0.292,1.5,4.6,0.333,2.1,7.7,0.267,0,0,,1.5,0,1.5,5.1,0,0,1.5,3.1,8.7
Larry Nance,CLE,Larry Nance TOT,C,25,66,27,1421,6.1,10.5,0.581,0.1,0.3,0.167,6,10.2,0.594,2.3,3.5,0.664,4.1,7.4,11.5,2.1,2.2,1,1.3,4.4,14.5
Lauri Markkanen,CHI,Lauri Markkanen CHI,PF,20,68,68,2020,6.7,15.4,0.434,2.6,7.1,0.362,4.1,8.2,0.497,2.5,3,0.843,1.4,7.6,9.1,1.4,0.7,0.7,1.5,1.8,18.4
LeBron James,CLE,LeBron James CLE,PF,33,82,82,3026,10.2,18.8,0.542,1.8,4.8,0.367,8.4,14,0.603,4.6,6.3,0.731,1.2,7.3,8.4,8.9,1.4,0.8,4.1,1.6,26.8
London Perrantes,CLE,London Perrantes CLE,PG,23,14,0,66,1.1,7.1,0.154,0,1.6,0,1.1,5.5,0.2,1.6,2.7,0.6,0.5,1.6,2.2,2.7,1.1,0.5,0.5,3.3,3.8
Lonzo Ball,LAL,Lonzo Ball LAL,PG,20,52,50,1780,4.1,11.4,0.36,1.8,6,0.305,2.3,5.4,0.42,0.6,1.4,0.451,1.4,5.9,7.3,7.6,1.8,0.9,2.8,2.4,10.7
Lorenzo Brown,TOR,Lorenzo Brown TOR,PG,27,14,0,139,3.6,8.8,0.412,0.5,3.1,0.167,3.1,5.7,0.545,0.5,0.5,1,0.3,3.6,3.9,3.4,1.3,0,0.8,1.8,8.3
Lou Williams,LAC,Lou Williams LAC,SG,31,79,19,2589,8.1,18.6,0.435,2.6,7.2,0.359,5.5,11.4,0.484,6,6.8,0.88,0.6,2.2,2.8,5.8,1.2,0.3,3.3,1.5,24.8
Luc Mbah a Moute,HOU,Luc Mbah a Moute HOU,PF,31,61,15,1564,3.8,7.9,0.481,1.5,4,0.364,2.4,4,0.599,1.5,2.2,0.684,0.5,3.8,4.3,1.3,1.7,0.6,1.6,2.3,10.6
Lucas Nogueira,TOR,Lucas Nogueira TOR,C,25,49,3,418,4.2,6.9,0.613,0.4,1.6,0.263,3.8,5.3,0.721,1.6,2.4,0.679,1.6,5.9,7.5,1.9,2,3.7,1.4,4.2,10.5
Luis Montero,DET,Luis Montero DET,SG,24,2,0,8,0,4.5,0,0,0,,0,4.5,0,0,0,,0,9,9,0,0,0,9,0,0
Luke Babbitt,MIA,Luke Babbitt TOT,SF,28,50,14,715,4.6,10.8,0.423,3,7.9,0.385,1.6,3,0.525,0.9,1.1,0.773,0.4,4.5,4.8,1.6,0.4,0.4,1,2.7,13
Luke Kennard,DET,Luke Kennard DET,SG,21,73,9,1463,5.1,11.4,0.443,2,4.8,0.415,3.1,6.6,0.463,1.6,1.9,0.855,0.5,3.8,4.3,3.1,1.1,0.3,1.7,2.1,13.7
Luke Kornet,NYK,Luke Kornet NYK,PF,22,20,1,326,5.4,13.8,0.392,3.1,8.7,0.354,2.3,5.1,0.457,0.9,1.2,0.727,1.2,5.9,7.1,2.9,0.7,1.8,1.3,3.1,14.8
Luol Deng,LAL,Luol Deng LAL,SF,32,1,1,13,2.8,5.5,0.5,0,0,,2.8,5.5,0.5,0,0,,0,0,0,2.8,2.8,0,2.8,0,5.5
Malachi Richardson,TOR,Malachi Richardson TOT,SG,22,26,4,324,3.3,10,0.333,1.3,4.4,0.3,2,5.6,0.36,1.9,2.4,0.773,0.6,3.2,3.8,1.4,1.1,0.1,1.1,3,9.9
Malcolm Brogdon,MIL,Malcolm Brogdon MIL,PG,25,48,20,1436,6.1,12.6,0.485,1.6,4,0.385,4.6,8.6,0.532,1.9,2.1,0.882,0.6,3.3,3.9,3.8,1,0.3,1.7,3.2,15.7
Malcolm Delaney,ATL,Malcolm Delaney ATL,PG,28,54,3,1014,3.9,10.1,0.382,1.6,4.4,0.371,2.2,5.7,0.391,2.6,3.3,0.804,0.3,3.2,3.6,5.8,1.2,0.2,2.3,2.9,12
Malcolm Miller,TOR,Malcolm Miller TOR,SF,24,15,4,126,3.7,8,0.464,2.3,6,0.381,1.4,2,0.714,1.1,1.1,1,1.1,3.1,4.3,0.9,0.3,0.6,1.4,2.9,10.9
Malik Beasley,DEN,Malik Beasley DEN,SG,21,62,0,583,4.5,11,0.41,1.7,5.1,0.341,2.8,5.9,0.469,1.4,2,0.667,0.9,3.5,4.4,1.9,0.9,0.4,1.5,2.2,12.1
Malik Monk,CHO,Malik Monk CHO,SG,19,63,0,854,6.4,17.9,0.36,3.5,10.2,0.342,3,7.7,0.385,1.3,1.6,0.842,0.3,2.4,2.8,3.8,0.8,0.4,2.1,2.5,17.7
Mangok Mathiang,CHO,Mangok Mathiang CHO,C,25,4,0,20,7.2,12.6,0.571,0,0,,7.2,12.6,0.571,0,1.8,0,5.4,12.6,18,0,1.8,0,0,9,14.4
Manu Ginobili,SAS,Manu Ginobili SAS,SG,40,65,0,1299,5.6,12.8,0.434,1.8,5.3,0.333,3.8,7.5,0.506,3,3.6,0.84,0.5,3.4,3.9,4.5,1.2,0.4,2.9,3.5,16
Marc Gasol,MEM,Marc Gasol MEM,C,33,73,73,2408,6.5,15.4,0.42,1.6,4.8,0.341,4.9,10.7,0.456,4.2,5,0.834,1.2,7.7,8.9,4.6,0.8,1.5,2.9,2.8,18.8
Marcin Gortat,WAS,Marcin Gortat WAS,C,33,82,82,2075,5,9.7,0.518,0,0,,5,9.7,0.518,1.9,2.8,0.675,3.1,7.7,10.8,2.6,0.7,1.1,1.7,3,12
Marco Belinelli,PHI,Marco Belinelli TOT,SG,31,80,2,1947,6.2,14.1,0.441,2.8,7.3,0.377,3.5,6.8,0.509,2.7,3,0.908,0.4,2.4,2.8,2.7,1.2,0.2,1.7,1.7,18
Marcus Georges-Hunt,MIN,Marcus Georges-Hunt MIN,SG,23,42,0,224,3.4,7.7,0.438,0.6,2.4,0.267,2.7,5.3,0.515,2.1,3.4,0.619,1.1,1.4,2.6,1.1,1,0,0.5,5.1,9.5
Marcus Morris,BOS,Marcus Morris BOS,PF,28,54,21,1447,6.5,15.2,0.429,2.1,5.8,0.368,4.4,9.4,0.467,3.1,3.8,0.805,1.1,6.1,7.2,1.8,0.9,0.3,1.6,2.5,18.3
Marcus Paige,CHO,Marcus Paige CHO,PG,24,5,0,28,5.1,18,0.286,2.6,10.3,0.25,2.6,7.7,0.333,2.6,2.6,1,0,5.1,5.1,3.9,0,0,0,0,15.4
Marcus Smart,BOS,Marcus Smart BOS,SG,23,54,11,1614,4.2,11.5,0.367,1.7,5.6,0.301,2.5,5.9,0.429,2.2,3,0.729,1,3.3,4.2,5.8,1.6,0.5,2.9,3,12.3
Mario Chalmers,MEM,Mario Chalmers MEM,PG,31,66,10,1421,4.3,11.2,0.379,1.3,4.8,0.277,2.9,6.4,0.456,3,3.5,0.855,0.3,3.6,4,5,2,0.4,3,4.5,12.8
Mario Hezonja,ORL,Mario Hezonja ORL,SF,22,75,30,1657,5.9,13.4,0.442,2,5.8,0.337,4,7.6,0.523,1.9,2.3,0.819,0.9,5.2,6.1,2.3,1.8,0.7,1.9,2.9,15.7
Markel Brown,HOU,Markel Brown HOU,SG,26,4,0,31,2.3,8.1,0.286,1.2,5.8,0.2,1.2,2.3,0.5,0,0,,1.2,4.6,5.8,2.3,0,0,2.3,7,5.8
Markelle Fultz,PHI,Markelle Fultz PHI,SG,19,14,0,253,6.4,15.8,0.405,0,0.1,0,6.4,15.7,0.409,1.4,3,0.476,1.6,4.6,6.1,7.5,1.7,0.6,2.4,3.1,14.2
Markieff Morris,WAS,Markieff Morris WAS,PF,28,73,73,1968,6,12.6,0.48,1.4,3.8,0.367,4.6,8.8,0.529,1.9,2.3,0.82,1.4,6.1,7.5,2.6,1,0.7,2.3,4,15.4
Marquese Chriss,PHO,Marquese Chriss PHO,PF,20,72,49,1527,4.8,11.2,0.423,1.3,4.5,0.295,3.4,6.8,0.509,2.3,3.7,0.608,1.8,7.5,9.3,2,1.2,1.7,2.5,4.8,13.1
Marquis Teague,MEM,Marquis Teague MEM,PG,24,3,0,74,1.9,7.8,0.25,0.5,1.9,0.25,1.5,5.8,0.25,1,2.4,0.4,0.5,2.4,2.9,6.3,1.9,0,1.5,2.4,5.4
Marreese Speights,ORL,Marreese Speights ORL,C,30,52,3,675,7.4,18.6,0.395,4.6,12.4,0.369,2.8,6.2,0.448,2.1,2.9,0.727,1.1,6,7.1,2.1,0.4,1.2,2.1,5.7,21.4
Marshall Plumlee,MIL,Marshall Plumlee MIL,C,25,8,0,52,0.7,2.1,0.333,0,0,,0.7,2.1,0.333,8.3,11.1,0.75,2.8,9,11.8,1.4,0,0.7,2.1,6.9,9.7
MarShon Brooks,MEM,MarShon Brooks MEM,SG,29,7,1,193,9.5,19,0.5,3.5,6,0.594,6,13.1,0.457,3.7,4.3,0.87,1.5,2.4,3.9,4.7,2.1,0.6,3,1.1,26.3
Marvin Williams,CHO,Marvin Williams CHO,PF,31,78,78,2006,4.6,10.1,0.458,2.3,5.5,0.413,2.4,4.6,0.512,1.8,2.2,0.829,1.3,5.3,6.6,1.7,1,0.7,1.2,2.1,13.4
Mason Plumlee,DEN,Mason Plumlee DEN,C,27,74,26,1439,5.5,9.2,0.601,0,0,0,5.5,9.2,0.602,2.1,4.5,0.458,3.3,6.7,10,3.6,1.2,2,2.6,4.6,13.1
Matt Costello,SAS,Matt Costello SAS,C,24,4,0,32,2.3,4.5,0.5,0,0,,2.3,4.5,0.5,0,0,,1.1,9,10.1,2.3,2.3,2.3,1.1,7.9,4.5
Matt Williams,MIA,Matt Williams MIA,SG,24,3,0,11,6.5,19.6,0.333,3.3,16.4,0.2,3.3,3.3,1,0,0,,0,3.3,3.3,0,0,0,3.3,3.3,16.4
Matthew Dellavedova,MIL,Matthew Dellavedova MIL,PG,27,38,3,712,2.8,7.7,0.362,1.5,3.9,0.372,1.3,3.7,0.351,1.3,1.4,0.926,0.7,2.5,3.2,7.3,0.7,0,2.5,3.4,8.3
Maurice Harkless,POR,Maurice Harkless POR,SF,24,59,36,1264,4.2,8.5,0.495,1.4,3.4,0.415,2.8,5.1,0.547,1.2,1.7,0.712,1.3,3.3,4.6,1.5,1.4,1.2,1.1,2.9,11
Maxi Kleber,DAL,Maxi Kleber DAL,PF,26,72,36,1206,4.5,9.2,0.489,1.2,3.8,0.313,3.3,5.4,0.613,1.3,1.8,0.746,2.1,4.9,7,1.5,0.8,1.4,0.9,3.4,11.5
Meyers Leonard,POR,Meyers Leonard POR,C,25,33,2,254,6.5,11.1,0.59,1.6,3.7,0.423,5,7.4,0.673,1.3,1.6,0.818,1.7,8.2,9.9,2.4,1,0,1.4,5.1,15.9
Michael Beasley,NYK,Michael Beasley NYK,PF,29,74,30,1653,8.9,17.6,0.507,0.7,1.9,0.395,8.2,15.7,0.52,2.7,3.5,0.78,2.1,6.9,9,2.7,0.8,0.9,3.1,3.2,21.3
Michael Carter-Williams,CHO,Michael Carter-Williams CHO,PG,26,52,2,835,3.3,9.9,0.332,0.6,2.5,0.237,2.7,7.3,0.365,3.1,3.8,0.82,1.6,4.4,5.9,5,1.9,1,2.2,4.3,10.3
Michael Kidd-Gilchrist,CHO,Michael Kidd-Gilchrist CHO,SF,24,74,74,1850,5.5,10.9,0.504,0,0,0,5.5,10.9,0.505,2.3,3.3,0.684,1.6,4.2,5.9,1.4,1,0.6,1,2.8,13.3
Mike Conley,MEM,Mike Conley MEM,PG,30,12,12,373,6.2,16.2,0.381,2.3,7.4,0.312,3.9,8.8,0.44,5.1,6.4,0.803,0,2.6,2.6,4.7,1.2,0.3,1.7,2.3,19.8
Mike James,NOP,Mike James TOT,PG,27,36,10,687,6.4,16.8,0.383,1.4,5.1,0.265,5.1,11.7,0.435,3.4,4.4,0.762,0.7,4,4.7,6.6,1.5,0.4,2.6,2.5,17.6
Mike Muscala,ATL,Mike Muscala ATL,C,26,53,7,1060,4.9,10.6,0.458,2.1,5.7,0.371,2.8,4.9,0.559,1.9,2.1,0.919,1.9,5.9,7.8,1.7,1.1,0.9,1.4,2.7,13.8
Mike Scott,WAS,Mike Scott WAS,PF,29,76,1,1406,7.1,13.4,0.527,1.7,4.2,0.405,5.4,9.2,0.582,1.3,1.9,0.658,1.3,5,6.3,2,0.6,0.3,2,3.8,17.1
Miles Plumlee,ATL,Miles Plumlee ATL,C,29,55,35,918,4.1,7.1,0.583,0,0,,4.1,7.1,0.583,1.1,2.4,0.45,3,5.9,8.9,1.8,0.7,1.2,2.5,3.1,9.3
Milos Teodosic,LAC,Milos Teodosic LAC,PG,30,45,36,1134,4.8,11.4,0.419,2.8,7.4,0.379,2,4.1,0.492,1.2,1.5,0.848,0.5,3.5,4,6.6,0.7,0.2,3.1,3.3,13.6
Milton Doyle,BRK,Milton Doyle BRK,SG,24,10,0,125,3.7,13.5,0.277,1.2,6.6,0.174,2.6,6.9,0.375,1.2,2.3,0.5,0.9,4.3,5.2,2.9,1.7,0.6,0.6,3.7,9.8
Mindaugas Kuzminskas,NYK,Mindaugas Kuzminskas NYK,SF,28,1,0,2,0,36,0,0,0,,0,36,0,0,0,,0,0,0,0,0,0,0,0,0
Mirza Teletovi?,MIL,Mirza Teletovi? MIL,PF,32,10,0,159,5.7,12.9,0.439,4.8,10.2,0.467,0.9,2.7,0.333,0,0,,0.7,4.5,5.2,2.3,0.9,0.2,1.6,3.2,16.1
Monte Morris,DEN,Monte Morris DEN,PG,22,3,0,25,5.8,8.6,0.667,0,1.4,0,5.8,7.2,0.8,2.9,2.9,1,0,2.9,2.9,10.1,4.3,0,1.4,1.4,14.4
Montrezl Harrell,LAC,Montrezl Harrell LAC,C,24,76,3,1293,9.7,15.3,0.635,0,0.2,0.143,9.7,15.1,0.641,3.9,6.2,0.626,2.9,5.7,8.5,2.1,1,1.4,1.9,4,23.3
Myke Henry,MEM,Myke Henry MEM,SF,25,20,0,378,3.9,10.4,0.376,1.8,5.5,0.328,2.1,4.9,0.431,0.6,1,0.6,1,2.7,3.6,2.1,3,0.6,1.8,2.7,10.2
Myles Turner,IND,Myles Turner IND,C,21,65,62,1836,6,12.5,0.479,1.1,3.1,0.357,4.9,9.5,0.519,3.1,4,0.777,1.8,6.4,8.2,1.7,0.7,2.3,1.9,3.6,16.2
Nate Wolters,UTA,Nate Wolters UTA,PG,26,5,0,19,1.9,11.4,0.167,0,0,,1.9,11.4,0.167,0,0,,1.9,1.9,3.8,1.9,0,0,0,1.9,3.8
Naz Mitrou-Long,UTA,Naz Mitrou-Long UTA,SG,24,1,0,1,36,36,1,36,36,1,0,0,,0,0,,0,0,0,0,0,0,0,0,108
Nemanja Bjelica,MIN,Nemanja Bjelica MIN,PF,29,67,21,1371,4.5,9.7,0.461,2,4.8,0.415,2.5,4.9,0.505,0.9,1.2,0.8,1.4,5.8,7.2,2.3,1.3,0.4,1.4,3.7,11.9
Nene Hilario,HOU,Nene Hilario HOU,C,35,52,4,758,6.5,11.4,0.569,0,0.1,0,6.5,11.3,0.574,3.2,5.1,0.636,2.6,5.8,8.4,2.1,1.3,0.7,1.8,5.8,16.1
Nerlens Noel,DAL,Nerlens Noel DAL,C,23,30,6,472,4.2,8,0.524,0,0.1,0,4.2,7.9,0.529,1.6,2.1,0.75,3.7,9.2,12.8,1.5,2.4,1.7,2,4.5,10
Nick Collison,OKC,Nick Collison OKC,PF,37,15,0,75,6.2,9.1,0.684,0,0,,6.2,9.1,0.684,2.4,6.2,0.385,3.4,6.2,9.6,1.9,0,0,3.4,3.4,14.9
Nick Young,GSW,Nick Young GSW,SG,32,80,8,1393,5.2,12.6,0.412,3.2,8.4,0.377,2,4.2,0.481,1.4,1.7,0.862,0.5,2.7,3.2,0.9,1,0.2,1,2.6,15
Nicolas Batum,CHO,Nicolas Batum CHO,SG,29,64,64,1981,4.9,11.8,0.415,1.7,5,0.336,3.2,6.8,0.473,2,2.4,0.831,1,4.5,5.6,6.3,1.2,0.4,2.4,1.3,13.4
Nicolas Brussino,ATL,Nicolas Brussino ATL,SF,24,4,0,10,0,7.2,0,0,7.2,0,0,0,,0,0,,0,10.8,10.8,0,0,0,0,0,0
Nigel Hayes,SAC,Nigel Hayes TOT,SF,23,9,0,122,3.2,9.7,0.333,1.2,4.7,0.25,2.1,5,0.412,0.3,0.9,0.333,1.2,5.3,6.5,1.8,0.6,0.9,0.6,2.4,8
Nik Stauskas,BRK,Nik Stauskas TOT,SG,24,41,0,523,4.1,10.6,0.39,2.8,6.9,0.4,1.4,3.7,0.37,1.4,2,0.724,0.3,4.1,4.4,2.7,0.6,0.3,1.8,1.7,12.5
Nikola Joki?,DEN,Nikola Joki? DEN,C,22,75,73,2443,7.4,14.9,0.499,1.6,4.1,0.396,5.8,10.8,0.538,3.9,4.6,0.85,2.9,9,11.8,6.7,1.3,0.9,3.1,3.1,20.4
Nikola Mirotic,NOP,Nikola Mirotic TOT,PF,26,55,14,1494,7.4,16.5,0.447,3.3,8.6,0.377,4.1,7.9,0.525,2.7,3.3,0.818,1.4,8.3,9.8,1.9,1.1,0.9,1.5,2.6,20.7
Nikola Vu?evi?,ORL,Nikola Vu?evi? ORL,C,27,57,57,1683,8.5,18,0.475,1.4,4.4,0.314,7.2,13.6,0.527,1.6,2,0.819,2.2,9,11.2,4.1,1.2,1.3,2.3,3.1,20.1
Noah Vonleh,CHI,Noah Vonleh TOT,PF,22,54,16,875,4.3,9.6,0.444,0.8,2.7,0.303,3.5,6.9,0.5,1.5,2.4,0.621,2.9,9.9,12.8,1.4,0.8,0.7,1.3,2.8,10.9
Norman Powell,TOR,Norman Powell TOR,SG,24,70,18,1062,5.1,12.7,0.401,1.8,6.3,0.285,3.3,6.4,0.516,1.1,1.3,0.821,0.5,3.6,4,3,1.3,0.5,2.2,3.8,13.1
OG Anunoby,TOR,OG Anunoby TOR,SF,20,74,62,1481,4,8.4,0.471,1.8,4.8,0.371,2.2,3.6,0.604,0.9,1.5,0.629,1.1,3.4,4.5,1.3,1.3,0.3,1.1,3.2,10.6
Okaro White,MIA,Okaro White MIA,PF,25,6,4,80,3.2,7.2,0.438,1.8,5,0.364,1.4,2.3,0.6,0.9,1.4,0.667,1.4,3.6,5,0.9,0.5,0.5,0.5,2.7,9
Omari Johnson,MEM,Omari Johnson MEM,PF,28,4,0,75,4.3,10.1,0.429,1.9,5.8,0.333,2.4,4.3,0.556,0,0,,1.9,3.4,5.3,3.4,1,0,1.4,2.9,10.6
Omer Asik,CHI,Omer Asik TOT,C,31,18,0,182,1.8,4.4,0.409,0,0,,1.8,4.4,0.409,0.8,2.6,0.308,1.8,7.5,9.3,0.6,0.4,0.8,1.8,4,4.4
Omri Casspi,GSW,Omri Casspi GSW,SF,29,53,7,740,5.8,10.1,0.58,0.5,1.1,0.455,5.4,9,0.595,2.4,3.4,0.725,1.5,8.3,9.7,2.5,0.9,0.9,1.8,3.5,14.6
Otto Porter,WAS,Otto Porter WAS,SF,24,77,77,2432,6.6,13.1,0.503,2,4.6,0.441,4.5,8.5,0.537,1.6,1.9,0.828,1.5,5.8,7.3,2.3,1.7,0.6,1.1,2.2,16.8
P.J. Tucker,HOU,P.J. Tucker HOU,PF,32,82,34,2281,2.7,7,0.39,1.8,4.9,0.371,0.9,2.1,0.435,0.7,0.9,0.717,1.5,5.7,7.2,1.2,1.2,0.4,1.2,3.2,7.9
Pascal Siakam,TOR,Pascal Siakam TOR,PF,23,81,5,1679,5.4,10.7,0.508,0.6,2.8,0.22,4.8,7.8,0.612,1.2,1.9,0.621,1.7,6.1,7.8,3.4,1.3,0.9,1.4,3.6,12.6
Pat Connaughton,POR,Pat Connaughton POR,SG,25,82,5,1488,4,9.4,0.423,1.8,5.1,0.352,2.2,4.4,0.506,0.9,1.1,0.841,0.9,3,3.9,2.2,0.6,0.5,1,2.9,10.7
Patrick Beverley,LAC,Patrick Beverley LAC,SG,29,11,11,334,5.2,12.8,0.403,2.6,6.5,0.4,2.6,6.4,0.407,1.5,1.8,0.824,1.7,3.1,4.9,3.4,2,0.5,2.7,3.7,14.4
Patrick McCaw,GSW,Patrick McCaw GSW,SG,22,57,10,961,3.4,8.4,0.409,0.7,3,0.238,2.7,5.4,0.503,1,1.3,0.765,0.6,2.5,3.1,3,1.6,0.4,1.5,2.5,8.6
Patrick Patterson,OKC,Patrick Patterson OKC,PF,28,82,3,1270,3,7.5,0.398,1.9,4.8,0.386,1.1,2.7,0.421,1.1,1.3,0.87,0.9,4.6,5.5,1.6,1.4,0.7,0.9,2.5,9
Patty Mills,SAS,Patty Mills SAS,PG,29,82,36,2107,4.8,11.7,0.411,2.6,7.1,0.372,2.2,4.6,0.47,1.8,2,0.89,0.4,2.2,2.6,3.9,0.9,0.2,1.8,2.2,14
Pau Gasol,SAS,Pau Gasol SAS,C,37,77,63,1812,5.7,12.5,0.458,0.9,2.4,0.358,4.8,10.1,0.481,3.1,4.2,0.756,2.6,9.7,12.3,4.7,0.5,1.6,2.1,2.4,15.4
Paul George,OKC,Paul George OKC,SF,27,79,79,2891,7.2,16.7,0.43,3,7.6,0.401,4.1,9.1,0.454,4.2,5.1,0.822,0.9,4.7,5.6,3.3,2,0.5,2.6,2.9,21.6
Paul Millsap,DEN,Paul Millsap DEN,PF,32,38,37,1143,6.4,13.7,0.464,1.2,3.6,0.345,5.1,10.1,0.506,3.5,5.1,0.696,2,5.7,7.7,3.3,1.2,1.4,2.3,3.1,17.5
Paul Zipser,CHI,Paul Zipser CHI,SF,23,54,12,824,3.5,10.2,0.346,1.6,4.8,0.336,1.9,5.4,0.355,0.8,1.1,0.76,0.6,5.2,5.7,2,0.9,0.7,1.9,3.8,9.5
PJ Dozier,OKC,PJ Dozier OKC,PG,21,2,0,3,12,24,0.5,0,0,,12,24,0.5,0,0,,0,12,12,0,0,0,12,12,24
Quincy Acy,BRK,Quincy Acy BRK,PF,27,70,8,1359,3.4,9.7,0.356,2.7,7.7,0.349,0.7,1.9,0.384,1.3,1.6,0.817,1.1,5.7,6.8,1.5,0.9,0.8,1.6,3.9,10.9
Quincy Pondexter,CHI,Quincy Pondexter CHI,SF,29,23,1,196,2.6,9,0.286,0.6,4,0.136,2,5,0.407,2.6,3.1,0.824,1.5,3.5,5,1.7,1.5,0.4,2,4.4,8.3
Quinn Cook,GSW,Quinn Cook GSW,PG,24,33,18,740,5.9,12.3,0.484,2.2,5.1,0.442,3.7,7.2,0.514,1.1,1.2,0.88,0.5,3.5,4,4.3,0.6,0,1.6,2.9,15.2
R.J. Hunter,HOU,R.J. Hunter HOU,SG,24,5,1,45,5.6,16,0.35,2.4,11.2,0.214,3.2,4.8,0.667,1.6,1.6,1,0,4,4,2.4,2.4,0,1.6,5.6,15.2
Rajon Rondo,NOP,Rajon Rondo NOP,PG,31,65,63,1705,4.9,10.4,0.468,1.1,3.2,0.333,3.8,7.3,0.526,0.5,1,0.543,0.7,4.9,5.6,11.3,1.5,0.2,3.2,2.5,11.3
Ramon Sessions,WAS,Ramon Sessions TOT,PG,31,28,3,392,3.9,10.7,0.359,0.7,2.4,0.308,3.1,8.4,0.374,4,5.2,0.772,0.6,2.9,3.5,7.1,1.3,0.2,2.8,2.7,12.5
Rashad Vaughn,ORL,Rashad Vaughn TOT,SG,21,28,0,212,3.9,9.5,0.411,2.4,6.3,0.378,1.5,3.2,0.474,0.7,1,0.667,0.5,3.1,3.6,2.2,0.8,0.5,1,2.5,10.9
Raul Neto,UTA,Raul Neto UTA,PG,25,41,0,498,5,10.9,0.457,1.4,3.4,0.404,3.6,7.5,0.481,1.9,2.5,0.743,0.5,3,3.5,5.4,0.9,0.3,2.6,2.7,13.2
Raymond Felton,OKC,Raymond Felton OKC,PG,33,82,2,1365,5.9,14.6,0.406,2.1,6.1,0.352,3.8,8.5,0.444,0.9,1.2,0.818,0.7,3.5,4.1,5.4,1.3,0.4,2,2.4,14.9
Reggie Bullock,DET,Reggie Bullock DET,SF,26,62,52,1732,5.5,11.3,0.489,2.6,5.8,0.445,3,5.5,0.536,0.8,1,0.796,0.6,2.6,3.2,2,1,0.3,1,1.5,14.5
Reggie Hearn,DET,Reggie Hearn DET,SG,26,3,0,7,5.1,10.3,0.5,5.1,10.3,0.5,0,0,,0,0,,0,0,0,0,0,0,0,0,15.4
Reggie Jackson,DET,Reggie Jackson DET,PG,27,45,45,1201,7.4,17.3,0.426,1.6,5.1,0.308,5.8,12.2,0.475,3.4,4,0.836,0.9,2.9,3.7,7.1,0.8,0.1,3,2.6,19.7
Richard Jefferson,DEN,Richard Jefferson DEN,SF,37,20,0,163,2.7,6,0.444,0.4,1.5,0.286,2.2,4.4,0.5,0.9,1.5,0.571,0.4,3.3,3.8,3.3,0.4,0.2,1.1,2.4,6.6
Richaun Holmes,PHI,Richaun Holmes PHI,C,24,48,2,746,6.5,11.6,0.56,0.2,1.5,0.129,6.3,10.1,0.624,1.8,2.7,0.661,2.8,7.4,10.2,2.9,1,1.4,1.2,4.7,15
Ricky Rubio,UTA,Ricky Rubio UTA,PG,27,77,77,2254,5.5,13.2,0.418,1.5,4.4,0.352,4,8.8,0.451,3.5,4.1,0.866,0.7,4.9,5.6,6.5,1.9,0.2,3.3,3.3,16.1
Robert Covington,PHI,Robert Covington PHI,SF,27,80,80,2532,4.9,11.9,0.413,2.9,7.8,0.369,2,4.1,0.497,1.6,1.9,0.853,0.8,5.4,6.2,2.2,1.9,1,1.8,3.4,14.3
Robin Lopez,CHI,Robin Lopez CHI,C,29,64,64,1690,7.3,13.7,0.53,0.1,0.3,0.286,7.2,13.4,0.536,1.4,1.9,0.756,2.9,3.3,6.2,2.6,0.3,1.1,2.3,2.3,16.1
Rodney Hood,CLE,Rodney Hood TOT,SG,25,60,23,1616,7.2,16.7,0.429,2.8,7.4,0.381,4.3,9.3,0.467,2.5,2.9,0.86,0.5,3.2,3.7,2.1,1,0.3,1.6,2.3,19.6
Rodney McGruder,MIA,Rodney McGruder MIA,SG,26,18,2,299,4.3,8.8,0.493,1.8,4.2,0.429,2.5,4.6,0.553,0.5,1,0.5,1.3,2.5,3.9,2,1,0.4,0.5,2.5,11
Rodney Purvis,ORL,Rodney Purvis ORL,SG,23,16,2,290,4.3,13.3,0.327,1.6,6.5,0.25,2.7,6.8,0.4,1.6,1.9,0.867,0.1,3.2,3.4,2.1,0.4,0.4,1.2,3.2,11.9
Ron Baker,NYK,Ron Baker NYK,SG,24,29,1,385,1.9,5.5,0.339,1,3.1,0.333,0.8,2.4,0.346,1.9,2.4,0.769,0.5,2.3,2.8,4.4,2.4,0.6,1.7,3.1,6.6
Rondae Hollis-Jefferson,BRK,Rondae Hollis-Jefferson BRK,SF,23,68,59,1920,6.4,13.6,0.472,0.2,1,0.241,6.2,12.6,0.491,4.7,5.9,0.788,1.9,6.7,8.6,3.1,1.2,0.9,2.3,2.7,17.7
Royce O'Neale,UTA,Royce O'Neale UTA,SF,24,69,4,1150,3.8,8.9,0.423,1.3,3.7,0.356,2.4,5.2,0.47,1.9,2.4,0.803,0.8,6.6,7.4,3,1.1,0.5,1.7,3.3,10.7
Rudy Gay,SAS,Rudy Gay SAS,PF,31,57,6,1231,7.4,15.7,0.471,1.1,3.5,0.314,6.3,12.3,0.516,3.3,4.2,0.772,2.2,6.3,8.5,2.1,1.3,1.1,2.3,2.9,19.2
Rudy Gobert,UTA,Rudy Gobert UTA,C,25,56,56,1816,5.5,8.8,0.622,0,0,,5.5,8.8,0.622,4,5.9,0.682,3.3,8.6,11.9,1.6,0.9,2.6,2.1,3,15
Russell Westbrook,OKC,Russell Westbrook OKC,PG,29,80,80,2914,9.4,20.8,0.449,1.2,4,0.298,8.2,16.8,0.485,5.2,7,0.737,1.9,8.1,9.9,10.1,1.8,0.2,4.7,2.5,25.1
Ryan Anderson,HOU,Ryan Anderson HOU,PF,29,66,50,1725,4.3,10,0.431,2.7,7.1,0.386,1.6,2.9,0.539,1.5,1.9,0.774,2,4.9,6.9,1.3,0.5,0.4,0.9,2.6,12.9
Ryan Arcidiacono,CHI,Ryan Arcidiacono CHI,PG,23,24,0,304,2,4.9,0.415,1.1,3.7,0.29,0.9,1.2,0.8,0.6,0.7,0.833,0.1,2.8,3,4.1,1.5,0,1.5,2.1,5.7
Salah Mejri,DAL,Salah Mejri DAL,C,31,61,1,729,4.3,6.8,0.642,0,0.1,0,4.3,6.6,0.657,1.9,3.3,0.576,4.2,8,12.1,1.7,1.1,3.3,1.9,6,10.6
Sam Dekker,LAC,Sam Dekker LAC,PF,23,73,1,883,5.2,10.6,0.494,0.4,2.4,0.167,4.8,8.1,0.593,1.5,2.3,0.661,1.8,5.3,7.1,1.5,1,0.4,1.3,2.9,12.4
Scotty Hopson,DAL,Scotty Hopson DAL,SG,28,1,0,8,0,4.5,0,0,0,,0,4.5,0,4.5,9,0.5,0,0,0,4.5,0,0,4.5,0,4.5
Sean Kilpatrick,CHI,Sean Kilpatrick TOT,SG,28,52,1,640,6.2,16.5,0.374,2.6,8.1,0.319,3.6,8.4,0.427,3.6,4.1,0.889,0.3,4.6,4.9,2.6,0.7,0.3,2.1,1.9,18.6
Semi Ojeleye,BOS,Semi Ojeleye BOS,PF,23,73,0,1150,2,5.9,0.346,1.3,3.9,0.32,0.8,2,0.397,0.8,1.3,0.61,1.2,3.9,5,0.6,0.7,0.1,0.8,2.8,6.1
Serge Ibaka,TOR,Serge Ibaka TOR,PF,28,76,76,2093,6.5,13.5,0.483,1.8,5.1,0.36,4.7,8.4,0.559,1.6,2,0.797,1.3,6.9,8.2,1.1,0.5,1.7,1.5,3.6,16.5
Shabazz Muhammad,MIL,Shabazz Muhammad TOT,SF-SG,25,43,2,418,7.2,16.2,0.447,0.6,2.3,0.259,6.6,13.9,0.478,3.4,4.3,0.78,2,4.6,6.5,1.2,0.8,0.3,0.5,2.6,18.4
Shabazz Napier,POR,Shabazz Napier POR,PG,26,74,10,1535,5.2,12.5,0.42,1.9,5.1,0.376,3.3,7.3,0.45,2.7,3.2,0.841,0.6,3.4,4,3.5,1.9,0.3,2.1,2,15.1
Shane Larkin,BOS,Shane Larkin BOS,PG,25,54,2,775,3.9,10.2,0.384,1.4,4,0.36,2.5,6.2,0.398,1.5,1.7,0.865,0.7,3.6,4.3,4.6,1.3,0.1,1.5,2.7,10.7
Shaquille Harrison,PHO,Shaquille Harrison PHO,PG,24,23,2,384,5.5,11.6,0.476,0.6,2.4,0.231,5,9.2,0.541,2.6,3.6,0.737,0.8,4.9,5.7,5.2,2.4,0.7,2.1,3.9,14.2
Shaun Livingston,GSW,Shaun Livingston GSW,PG,32,71,7,1129,5.5,10.9,0.501,0,0.2,0,5.5,10.8,0.509,1.6,1.9,0.82,1,3.2,4.2,4.5,1.1,0.7,1.8,3.7,12.6
Shelvin Mack,ORL,Shelvin Mack ORL,PG,27,69,3,1365,4.7,10.9,0.43,1.3,3.7,0.345,3.4,7.3,0.473,1.8,2.6,0.711,0.6,3.8,4.4,7.2,1.4,0.2,2.3,2.4,12.5
Sindarius Thornwell,LAC,Sindarius Thornwell LAC,SG,23,73,17,1156,3.1,7.3,0.429,0.7,1.9,0.377,2.4,5.4,0.448,1.8,2.7,0.67,1,3.3,4.4,2.1,1.5,0.8,1.7,3.9,8.8
Skal Labissiere,SAC,Skal Labissiere SAC,PF,21,60,28,1240,6,13.3,0.448,0.5,1.5,0.353,5.4,11.8,0.459,2.8,3.4,0.805,2.9,5.5,8.4,2.1,0.7,1.4,2.1,3.8,15.2
Solomon Hill,NOP,Solomon Hill NOP,SF,26,12,1,187,2.1,7.9,0.268,0.8,4,0.19,1.3,3.9,0.35,0.6,1.2,0.5,1.7,5.2,6.9,4.2,1.3,0.2,1.7,4.2,5.6
Spencer Dinwiddie,BRK,Spencer Dinwiddie BRK,PG,24,80,58,2306,5.1,13.1,0.387,2.2,6.8,0.326,2.9,6.3,0.452,3.4,4.2,0.813,0.6,3.4,4,8.2,1.1,0.4,2,2.9,15.7
Stanley Johnson,DET,Stanley Johnson DET,SF,21,69,50,1894,4,10.6,0.375,1.3,4.4,0.286,2.7,6.2,0.439,2.1,2.8,0.772,0.6,4.2,4.8,2.1,1.8,0.3,1.5,3.2,11.4
Stephen Curry,GSW,Stephen Curry GSW,PG,29,51,51,1631,9.4,19.1,0.495,4.7,11.1,0.423,4.8,8,0.595,6.1,6.7,0.921,0.8,5,5.8,6.8,1.8,0.2,3.4,2.5,29.7
Sterling Brown,MIL,Sterling Brown MIL,SG,22,54,4,776,3.8,9.5,0.4,1.5,4.2,0.352,2.3,5.3,0.439,1,1.1,0.875,1.3,5.4,6.6,1.2,1.4,0.6,1.2,3.7,10.1
Steven Adams,OKC,Steven Adams OKC,C,24,76,76,2487,6.5,10.3,0.629,0,0,0,6.5,10.3,0.631,2.3,4.1,0.559,5.6,4.4,9.9,1.3,1.3,1.1,1.9,3.1,15.3
T.J. Leaf,IND,T.J. Leaf IND,PF,20,53,0,459,5,10.7,0.471,1.4,3.3,0.429,3.6,7.4,0.489,0.8,1.3,0.625,2.3,4.2,6.4,0.7,0.4,0.3,0.8,3.5,12.2
T.J. McConnell,PHI,T.J. McConnell PHI,PG,25,76,1,1706,4.4,8.9,0.499,0.6,1.3,0.435,3.9,7.6,0.51,0.7,0.8,0.795,0.8,4,4.8,6.4,1.9,0.3,2.4,2.6,10.1
T.J. Warren,PHO,T.J. Warren PHO,SF,24,65,65,2142,8.9,17.9,0.498,0.3,1.5,0.222,8.6,16.4,0.523,3.2,4.3,0.757,2.1,3.5,5.6,1.4,1.1,0.7,1.4,2.5,21.4
Taj Gibson,MIN,Taj Gibson MIN,PF,32,82,82,2726,5.6,9.7,0.577,0.1,0.5,0.2,5.5,9.3,0.595,1.9,2.4,0.768,2.6,5.2,7.7,1.3,0.8,0.8,1.2,2.9,13.2
Tarik Black,HOU,Tarik Black HOU,C,26,51,2,536,5,8.5,0.591,0.1,0.7,0.091,5,7.8,0.638,1.9,4.2,0.46,4.2,6.7,10.9,0.9,1.4,2,2.4,7.2,12.1
Taurean Waller-Prince,ATL,Taurean Waller-Prince ATL,SF,23,82,82,2464,6.1,14.2,0.426,2.6,6.7,0.385,3.5,7.6,0.461,2.2,2.6,0.844,0.7,5,5.7,3.1,1.2,0.6,2.8,2.5,16.9
Terrance Ferguson,OKC,Terrance Ferguson OKC,SG,19,61,12,763,3.3,8,0.414,1.9,5.7,0.333,1.4,2.3,0.612,0.4,0.5,0.9,0.9,1.3,2.2,0.9,1.1,0.5,0.5,3.9,8.9
Terrence Ross,ORL,Terrence Ross ORL,SG,26,24,20,600,4.6,11.5,0.398,1.8,5.6,0.323,2.8,5.9,0.469,1.6,2.2,0.75,0.6,3.8,4.4,2.3,1.6,0.7,1.7,2.7,12.5
Terry Rozier,BOS,Terry Rozier BOS,PG,23,80,16,2068,5.5,13.9,0.395,2.7,7,0.381,2.8,6.9,0.41,2,2.6,0.772,1.1,5.4,6.5,4,1.4,0.3,1.4,2.1,15.7
Thabo Sefolosha,UTA,Thabo Sefolosha UTA,SF,33,38,6,806,5.3,10.7,0.492,1.4,3.8,0.381,3.8,7,0.551,2,2.4,0.815,1.3,5.9,7.2,1.5,2.3,0.5,1.3,2.6,13.9
Thaddeus Young,IND,Thaddeus Young IND,PF,29,81,81,2607,5.8,11.9,0.487,0.8,2.5,0.32,5,9.4,0.531,0.8,1.3,0.598,2.5,4.5,7.1,2.1,1.9,0.5,1.4,2.4,13.2
Thomas Bryant,LAL,Thomas Bryant LAL,C,20,15,0,72,4,10.5,0.381,0.5,5,0.1,3.5,5.5,0.636,2.5,4.5,0.556,1.5,7,8.5,3,0.5,1,1,3,11
Thon Maker,MIL,Thon Maker MIL,C,20,74,12,1238,3.8,9.2,0.411,0.9,3,0.298,2.9,6.2,0.467,1.9,2.7,0.699,2.2,4.4,6.5,1.3,1.1,1.5,1.3,4.7,10.4
Tim Frazier,WAS,Tim Frazier WAS,PG,27,59,11,838,2.9,7.4,0.395,0.7,2.4,0.304,2.2,5,0.44,1,1.3,0.767,0.8,4.2,4.9,8.3,2,0.3,2.4,4.2,7.6
Tim Hardaway,NYK,Tim Hardaway NYK,SG,25,57,54,1885,6.9,16.3,0.421,2.5,7.8,0.317,4.4,8.5,0.516,2.8,3.4,0.816,0.6,3.7,4.3,3,1.2,0.2,1.8,2.3,19
Tim Quarterman,HOU,Tim Quarterman HOU,SG,23,3,0,13,2.8,8.3,0.333,0,5.5,0,2.8,2.8,1,5.5,5.5,1,0,8.3,8.3,2.8,0,0,5.5,2.8,11.1
Timofey Mozgov,BRK,Timofey Mozgov BRK,C,31,31,13,359,5.2,9.3,0.559,0.4,1.8,0.222,4.8,7.5,0.64,2.3,3,0.767,3.2,6.6,9.8,1.1,0.5,1.3,3.3,3.9,13.1
Timothe Luwawu-Cabarrot,PHI,Timothe Luwawu-Cabarrot PHI,SF,22,52,7,807,4.5,11.9,0.375,2.4,7,0.335,2.1,4.9,0.431,2.1,2.6,0.793,0.6,2.6,3.2,2.4,0.5,0.2,1.7,4.3,13.3
Tobias Harris,LAC,Tobias Harris TOT,PF,25,80,80,2668,7.6,16.5,0.46,2.5,6,0.411,5.1,10.5,0.488,2.4,2.9,0.829,0.8,5.1,5.9,2.6,1,0.5,1.4,2.2,20.1
Tomas Satoransky,WAS,Tomas Satoransky WAS,SG,26,73,30,1643,4.4,8.4,0.523,1,2.2,0.465,3.4,6.2,0.544,1.6,2.1,0.781,1.6,3.5,5.1,6.3,1.1,0.3,1.8,2.9,11.5
Tony Allen,NOP,Tony Allen NOP,SF,36,22,0,273,5.8,12,0.484,0.5,1.6,0.333,5.3,10.4,0.506,1.5,2.8,0.524,2.6,3.6,6.2,1.2,1.5,0.4,2.5,6.5,13.6
Tony Bradley,UTA,Tony Bradley UTA,C,20,9,0,29,3.7,13.7,0.273,0,1.2,0,3.7,12.4,0.3,2.5,2.5,1,5,8.7,13.7,1.2,0,0,0,1.2,9.9
Tony Parker,SAS,Tony Parker SAS,PG,35,55,21,1071,6,13,0.459,0.3,1.2,0.27,5.6,11.8,0.479,1.8,2.6,0.705,0.2,3,3.2,6.6,0.9,0,2.3,1.7,14.2
Tony Snell,MIL,Tony Snell MIL,SG,26,75,59,2053,3.2,7.5,0.435,1.9,4.7,0.403,1.4,2.8,0.49,0.7,0.8,0.792,0.2,2.3,2.5,1.7,0.8,0.5,0.6,2,9
Torrey Craig,DEN,Torrey Craig DEN,SF,27,39,5,629,3.5,7.8,0.453,1,3.3,0.293,2.6,4.5,0.57,1.3,2,0.629,2.3,5,7.3,1.4,0.7,0.9,1.1,3.6,9.3
Travis Wear,LAL,Travis Wear LAL,SF,27,17,0,228,3.9,11.4,0.347,2.7,7.4,0.362,1.3,3.9,0.32,1.3,1.3,1,0,6,6,1.1,0.6,0.8,0.9,4.7,11.8
Treveon Graham,CHO,Treveon Graham CHO,SG,24,63,2,1050,3.3,7.6,0.434,1.4,3.3,0.412,1.9,4.3,0.452,1.4,2,0.695,1.4,2.7,4.1,2,1.1,0.1,0.9,3.7,9.4
Trevor Ariza,HOU,Trevor Ariza HOU,SF,32,67,67,2269,4.3,10.3,0.412,2.7,7.3,0.368,1.6,3,0.519,1.2,1.4,0.854,0.5,4.1,4.7,1.7,1.6,0.2,0.8,2.1,12.4
Trevor Booker,IND,Trevor Booker TOT,PF,30,68,7,1158,5.5,10.7,0.516,0.2,1,0.242,5.3,9.6,0.545,2.1,2.9,0.71,3.6,6.2,9.9,2.5,0.9,0.7,1.8,3.7,13.3
Trey Burke,NYK,Trey Burke NYK,PG,25,36,9,785,8.9,17.6,0.503,1.7,4.8,0.362,7.1,12.8,0.556,1.7,2.6,0.649,0.6,2.7,3.3,7.8,1.1,0.2,2,2,21.1
Trey Lyles,DEN,Trey Lyles DEN,PF,22,73,2,1391,7,14.2,0.491,2.1,5.6,0.381,4.8,8.6,0.563,2.6,3.7,0.706,1.4,7.6,9,2.4,0.8,0.9,1.6,2.9,18.7
Trey McKinney-Jones,IND,Trey McKinney-Jones IND,SG,27,1,0,1,0,0,,0,0,,0,0,,0,0,,0,0,0,0,0,0,0,0,0
Tristan Thompson,CLE,Tristan Thompson CLE,C,26,53,22,1072,4.4,7.9,0.562,0,0,,4.4,7.9,0.562,1.4,2.7,0.544,4.2,7.6,11.8,1.1,0.5,0.6,1.2,3.4,10.3
Troy Daniels,PHO,Troy Daniels PHO,SG,26,79,15,1622,5.1,12.8,0.403,4.1,10.2,0.4,1.1,2.6,0.419,1.2,1.4,0.875,0.3,2.6,2.8,1.1,0.6,0.1,1.2,3,15.6
Troy Williams,NYK,Troy Williams TOT,SF,23,21,1,307,6,12.8,0.468,1.3,4.5,0.289,4.7,8.3,0.563,2.3,3.5,0.667,2.6,4.8,7.4,1.9,2.3,0.5,2.2,4,15.6
Tyler Cavanaugh,ATL,Tyler Cavanaugh ATL,PF,23,39,1,518,4.7,10.6,0.441,2.2,6.2,0.36,2.4,4.4,0.556,1.2,1.5,0.81,3.1,5.7,8.8,1.9,0.6,0.3,1,4.2,12.7
Tyler Dorsey,ATL,Tyler Dorsey ATL,SG,21,56,5,974,5.3,14.1,0.377,2.7,7.4,0.362,2.7,6.8,0.393,1.7,2.3,0.714,0.6,4.2,4.8,2.9,0.6,0.2,1.4,2.3,15
Tyler Ennis,LAL,Tyler Ennis LAL,PG,23,54,11,683,5,11.8,0.42,0.7,3,0.25,4.2,8.9,0.476,1.2,1.5,0.759,1,4,5,5.5,1.6,0.5,2,4,11.8
Tyler Johnson,MIA,Tyler Johnson MIA,PG,25,72,39,2052,5.4,12.5,0.435,2.1,5.7,0.367,3.3,6.8,0.491,1.9,2.3,0.822,0.6,3.8,4.4,2.9,1.1,0.6,1.4,2.6,14.8
Tyler Lydon,DEN,Tyler Lydon DEN,PF,21,1,0,2,0,0,,0,0,,0,0,,0,0,,0,0,0,0,0,0,0,0,0
Tyler Ulis,PHO,Tyler Ulis PHO,PG,22,71,43,1658,4.6,12,0.388,0.9,3.2,0.288,3.7,8.8,0.425,1.8,2.2,0.832,0.5,2.3,2.8,6.8,1.5,0.2,2.8,2.6,12
Tyler Zeller,MIL,Tyler Zeller TOT,C,28,66,34,1109,6.1,10.8,0.56,0.3,0.9,0.357,5.7,9.9,0.578,1.9,2.6,0.722,3.6,6.3,9.9,1.5,0.5,1.1,1.5,4.1,14.3
Tyreke Evans,MEM,Tyreke Evans MEM,PG,28,52,32,1607,8.2,18.1,0.452,2.6,6.4,0.399,5.6,11.7,0.482,3.7,4.7,0.785,1,5,5.9,6,1.3,0.4,2.6,2.2,22.6
Tyrone Wallace,LAC,Tyrone Wallace LAC,PG,23,30,19,851,4.7,10.4,0.445,0.4,1.7,0.25,4.2,8.8,0.483,2.6,3.3,0.782,0.9,3.6,4.4,3,1.1,0.5,1.9,3.5,12.3
Tyson Chandler,PHO,Tyson Chandler PHO,C,35,46,46,1151,3.8,5.8,0.647,0,0,,3.8,5.8,0.647,1.8,2.9,0.624,4.2,8.9,13.1,1.7,0.5,0.8,1.8,3.3,9.4
Tyus Jones,MIN,Tyus Jones MIN,PG,21,82,11,1467,3.7,8,0.457,1.1,3.2,0.349,2.6,4.9,0.528,1.7,2,0.877,0.4,2.8,3.2,5.7,2.3,0.1,1.4,2.7,10.2
Udonis Haslem,MIA,Udonis Haslem MIA,C,37,14,0,72,1.5,7.5,0.2,0.5,4,0.125,1,3.5,0.286,0.5,1,0.5,1.5,3.5,5,2.5,0,1,1,1.5,4
Vander Blue,LAL,Vander Blue LAL,SG,25,5,0,45,0.8,4,0.2,0,1.6,0,0.8,2.4,0.333,0.8,1.6,0.5,0,0.8,0.8,2.4,0.8,0,2.4,1.6,2.4
Victor Oladipo,IND,Victor Oladipo IND,SG,25,75,75,2552,9,18.9,0.477,2.3,6.1,0.371,6.8,12.8,0.528,4.1,5.2,0.799,0.7,4.8,5.5,4.6,2.5,0.8,3.1,2.5,24.5
Vince Carter,SAC,Vince Carter SAC,SF,41,58,5,1026,4,9.9,0.403,2,5.8,0.345,2,4.1,0.483,1,1.3,0.757,0.6,4.6,5.2,2.4,1.5,0.9,1.3,3.4,11
Vince Hunter,MEM,Vince Hunter MEM,PF,23,4,0,7,15.4,25.7,0.6,0,0,,15.4,25.7,0.6,0,0,,10.3,5.1,15.4,0,0,5.1,5.1,0,30.9
Wade Baldwin,POR,Wade Baldwin POR,PG,21,7,0,80,6.3,9.5,0.667,1.8,2.3,0.8,4.5,7.2,0.625,2.7,4.5,0.6,0.5,3.2,3.6,2.3,0.9,0.5,1.8,5.4,17.1
"Walt Lemon, Jr.",NOP,"Walt Lemon, Jr. NOP",PG,25,5,0,35,7.2,16.5,0.438,1,1,1,6.2,15.4,0.4,2.1,3.1,0.667,0,2.1,2.1,5.1,0,1,4.1,5.1,17.5
Wayne Ellington,MIA,Wayne Ellington MIA,SG,30,77,2,2041,5,12.3,0.407,4,10.2,0.392,1,2.1,0.479,1.2,1.4,0.859,0.4,3.4,3.8,1.4,0.9,0.1,0.9,1.7,15.2
Wayne Selden,MEM,Wayne Selden MEM,SG,23,35,9,692,6,14,0.431,2.5,6.3,0.402,3.5,7.6,0.456,2.3,3.1,0.746,0.8,2.1,2.9,3.4,0.9,0.3,2.8,3.1,16.9
Wesley Iwundu,ORL,Wesley Iwundu ORL,SF,23,62,12,1020,3.3,7.7,0.427,0.3,1.6,0.196,3,6.1,0.488,1.2,1.7,0.723,1.3,3.6,4.8,2,1.2,0.4,1.1,2.9,8.1
Wesley Johnson,LAC,Wesley Johnson LAC,SF,30,74,40,1486,3.6,8.9,0.408,1.5,4.3,0.339,2.2,4.6,0.471,1,1.4,0.741,0.7,4.5,5.2,1.5,1.8,1.5,1.3,3.5,9.8
Wesley Matthews,DAL,Wesley Matthews DAL,SF,31,63,62,2131,4.8,11.8,0.406,2.6,6.8,0.381,2.2,5,0.441,1.4,1.7,0.822,0.5,2.9,3.3,2.9,1.3,0.3,1.4,2.4,13.5
Will Barton,DEN,Will Barton DEN,SG,27,81,40,2683,6.2,13.8,0.452,2.1,5.7,0.37,4.1,8.1,0.51,2.4,3,0.805,0.9,4.5,5.5,4.4,1.1,0.7,2,2.3,17
Willie Cauley-Stein,SAC,Willie Cauley-Stein SAC,C,24,73,58,2044,6.8,13.6,0.502,0.1,0.2,0.25,6.8,13.4,0.506,2.7,4.4,0.619,2.3,6.7,9,3,1.4,1.2,1.9,3.3,16.4
Willie Reed,DET,Willie Reed TOT,C,27,42,5,428,6.8,10.2,0.669,0.1,0.2,0.5,6.7,10,0.672,2.7,4.6,0.582,2.9,7.2,10.2,0.8,0.8,1.9,1.6,4.7,16.4
Willy Hernangomez,CHO,Willy Hernangomez TOT,C,23,48,1,495,6.6,11.9,0.555,0.4,0.9,0.417,6.3,11.1,0.566,4.3,6.5,0.656,4.4,8.9,13.3,2.4,1.3,1.2,2.5,4.7,17.9
Wilson Chandler,DEN,Wilson Chandler DEN,SF,30,74,71,2346,4.3,9.7,0.445,1.4,3.8,0.358,3,5.9,0.501,1.4,1.7,0.772,1.6,4.5,6.1,2.4,0.7,0.6,1.4,2.4,11.3
Xavier Munford,MIL,Xavier Munford MIL,SG,25,6,0,21,1.7,10.3,0.167,0,3.4,0,1.7,6.9,0.25,1.7,3.4,0.5,1.7,0,1.7,6.9,1.7,0,3.4,6.9,5.1
Xavier Rathan-Mayes,MEM,Xavier Rathan-Mayes MEM,SG,23,5,0,118,3.7,12.8,0.286,0.3,4.3,0.071,3.4,8.5,0.393,1.2,2.7,0.444,0,1.5,1.5,5.5,1.8,0.9,3.4,5.5,8.8
Xavier Silas,BOS,Xavier Silas BOS,SG,30,2,0,7,0,15.4,0,0,10.3,0,0,5.1,0,0,0,,5.1,5.1,10.3,0,5.1,0,0,5.1,0
Yogi Ferrell,DAL,Yogi Ferrell DAL,SG,24,82,21,2282,4.9,11.5,0.426,2.1,5.7,0.373,2.8,5.9,0.477,1.3,1.6,0.796,0.4,3.5,3.9,3.2,1,0.1,1.2,2.4,13.2
Zach Collins,POR,Zach Collins POR,C,20,66,1,1045,4,10,0.398,1.2,3.9,0.31,2.8,6.1,0.455,0.9,1.4,0.643,1.6,6.1,7.6,1.8,0.6,1.1,2,4.6,10.1
Zach LaVine,CHI,Zach LaVine CHI,SG,22,24,24,656,7.5,19.5,0.383,2.3,6.8,0.341,5.2,12.7,0.405,4.8,5.9,0.813,0.5,4.7,5.2,4,1.3,0.2,2.4,3,22
Zach Randolph,SAC,Zach Randolph SAC,PF,36,59,57,1508,8.6,18.2,0.473,1.2,3.5,0.347,7.4,14.7,0.503,2,2.6,0.785,2.3,7.2,9.5,3,1,0.2,2.8,2.8,20.5
Zaza Pachulia,GSW,Zaza Pachulia GSW,C,33,69,57,972,5.5,9.8,0.564,0,0,0,5.5,9.7,0.567,2.8,3.4,0.806,3.3,8.6,11.9,4,1.4,0.6,2.7,4.5,13.8
Zhou Qi,HOU,Zhou Qi HOU,C,22,18,0,124,1.7,9.3,0.188,0.6,5.5,0.105,1.2,3.8,0.308,2.3,3.5,0.667,1.7,4.6,6.4,0.6,0.6,4.1,2.9,4.1,6.4
